data,preco_rs,produto
2020-01-02,192.95,boi_gordo
2020-01-03,196.7,boi_gordo
2020-01-06,196.4,boi_gordo
2020-01-07,196.6,boi_gordo
2020-01-08,196.7,boi_gordo
2020-01-09,198.45,boi_gordo
2020-01-10,196.25,boi_gordo
2020-01-13,196.3,boi_gordo
2020-01-14,193.95,boi_gordo
2020-01-15,194.25,boi_gordo
2020-01-16,192.15,boi_gordo
2020-01-17,192.5,boi_gordo
2020-01-20,192.6,boi_gordo
2020-01-21,190.6,boi_gordo
2020-01-22,194.05,boi_gordo
2020-01-23,191.2,boi_gordo
2020-01-24,187.0,boi_gordo
2020-01-27,190.7,boi_gordo
2020-01-28,189.7,boi_gordo
2020-01-29,186.1,boi_gordo
2020-01-30,191.1,boi_gordo
2020-01-31,190.8,boi_gordo
2020-02-03,196.2,boi_gordo
2020-02-04,193.45,boi_gordo
2020-02-05,192.85,boi_gordo
2020-02-06,194.5,boi_gordo
2020-02-07,195.4,boi_gordo
2020-02-10,195.7,boi_gordo
2020-02-11,194.15,boi_gordo
2020-02-12,197.55,boi_gordo
2020-02-13,195.55,boi_gordo
2020-02-14,196.55,boi_gordo
2020-02-17,197.05,boi_gordo
2020-02-18,197.05,boi_gordo
2020-02-19,193.1,boi_gordo
2020-02-20,202.85,boi_gordo
2020-02-21,198.4,boi_gordo
2020-02-26,202.8,boi_gordo
2020-02-27,202.05,boi_gordo
2020-02-28,201.75,boi_gordo
2020-03-02,204.15,boi_gordo
2020-03-03,202.1,boi_gordo
2020-03-04,202.0,boi_gordo
2020-03-05,201.2,boi_gordo
2020-03-06,203.25,boi_gordo
2020-03-09,199.4,boi_gordo
2020-03-10,202.7,boi_gordo
2020-03-11,203.25,boi_gordo
2020-03-12,204.35,boi_gordo
2020-03-13,204.7,boi_gordo
2020-03-16,204.7,boi_gordo
2020-03-17,199.4,boi_gordo
2020-03-18,187.4,boi_gordo
2020-03-19,189.25,boi_gordo
2020-03-20,197.85,boi_gordo
2020-03-23,199.65,boi_gordo
2020-03-24,195.05,boi_gordo
2020-03-25,199.5,boi_gordo
2020-03-26,201.85,boi_gordo
2020-03-27,200.5,boi_gordo
2020-03-30,202.5,boi_gordo
2020-03-31,203.15,boi_gordo
2020-04-01,203.0,boi_gordo
2020-04-02,195.4,boi_gordo
2020-04-03,200.65,boi_gordo
2020-04-06,201.0,boi_gordo
2020-04-07,199.9,boi_gordo
2020-04-08,201.8,boi_gordo
2020-04-09,198.05,boi_gordo
2020-04-13,202.3,boi_gordo
2020-04-14,199.1,boi_gordo
2020-04-15,198.5,boi_gordo
2020-04-16,200.55,boi_gordo
2020-04-17,201.5,boi_gordo
2020-04-20,196.45,boi_gordo
2020-04-22,201.0,boi_gordo
2020-04-23,196.7,boi_gordo
2020-04-24,199.95,boi_gordo
2020-04-27,200.05,boi_gordo
2020-04-28,198.9,boi_gordo
2020-04-29,197.7,boi_gordo
2020-04-30,198.85,boi_gordo
2020-05-04,200.35,boi_gordo
2020-05-05,201.9,boi_gordo
2020-05-06,199.95,boi_gordo
2020-05-07,199.75,boi_gordo
2020-05-08,201.3,boi_gordo
2020-05-11,200.25,boi_gordo
2020-05-12,198.7,boi_gordo
2020-05-13,199.9,boi_gordo
2020-05-14,199.35,boi_gordo
2020-05-15,194.9,boi_gordo
2020-05-18,194.9,boi_gordo
2020-05-19,200.5,boi_gordo
2020-05-20,202.15,boi_gordo
2020-05-21,202.0,boi_gordo
2020-05-22,203.55,boi_gordo
2020-05-25,206.65,boi_gordo
2020-05-26,204.3,boi_gordo
2020-05-27,205.65,boi_gordo
2020-05-28,203.4,boi_gordo
2020-05-29,204.75,boi_gordo
2020-06-01,204.0,boi_gordo
2020-06-02,202.5,boi_gordo
2020-06-03,203.65,boi_gordo
2020-06-04,205.45,boi_gordo
2020-06-05,202.65,boi_gordo
2020-06-08,205.2,boi_gordo
2020-06-09,206.4,boi_gordo
2020-06-10,206.4,boi_gordo
2020-06-12,205.25,boi_gordo
2020-06-15,209.95,boi_gordo
2020-06-16,208.6,boi_gordo
2020-06-17,206.4,boi_gordo
2020-06-18,212.35,boi_gordo
2020-06-19,210.4,boi_gordo
2020-06-22,214.0,boi_gordo
2020-06-23,211.3,boi_gordo
2020-06-24,218.95,boi_gordo
2020-06-25,217.35,boi_gordo
2020-06-26,218.35,boi_gordo
2020-06-29,219.65,boi_gordo
2020-06-30,218.4,boi_gordo
2020-07-01,219.9,boi_gordo
2020-07-02,219.65,boi_gordo
2020-07-03,220.95,boi_gordo
2020-07-06,220.95,boi_gordo
2020-07-07,219.55,boi_gordo
2020-07-08,218.75,boi_gordo
2020-07-09,218.6,boi_gordo
2020-07-10,218.6,boi_gordo
2020-07-13,217.95,boi_gordo
2020-07-14,221.9,boi_gordo
2020-07-15,217.85,boi_gordo
2020-07-16,222.25,boi_gordo
2020-07-17,222.55,boi_gordo
2020-07-20,215.3,boi_gordo
2020-07-21,221.15,boi_gordo
2020-07-22,221.65,boi_gordo
2020-07-23,222.4,boi_gordo
2020-07-24,223.45,boi_gordo
2020-07-27,219.65,boi_gordo
2020-07-28,226.4,boi_gordo
2020-07-29,226.6,boi_gordo
2020-07-30,227.0,boi_gordo
2020-07-31,228.3,boi_gordo
2020-08-03,227.8,boi_gordo
2020-08-04,226.85,boi_gordo
2020-08-05,226.25,boi_gordo
2020-08-06,227.4,boi_gordo
2020-08-07,225.45,boi_gordo
2020-08-10,228.5,boi_gordo
2020-08-11,227.2,boi_gordo
2020-08-12,226.3,boi_gordo
2020-08-13,227.85,boi_gordo
2020-08-14,224.75,boi_gordo
2020-08-17,227.4,boi_gordo
2020-08-18,226.2,boi_gordo
2020-08-19,227.2,boi_gordo
2020-08-20,225.2,boi_gordo
2020-08-21,229.25,boi_gordo
2020-08-24,229.45,boi_gordo
2020-08-25,228.6,boi_gordo
2020-08-26,227.85,boi_gordo
2020-08-27,234.25,boi_gordo
2020-08-28,236.65,boi_gordo
2020-08-31,237.6,boi_gordo
2020-09-01,237.6,boi_gordo
2020-09-02,238.95,boi_gordo
2020-09-03,239.85,boi_gordo
2020-09-04,240.45,boi_gordo
2020-09-08,243.9,boi_gordo
2020-09-09,247.1,boi_gordo
2020-09-10,247.45,boi_gordo
2020-09-11,245.65,boi_gordo
2020-09-14,248.6,boi_gordo
2020-09-15,247.5,boi_gordo
2020-09-16,250.9,boi_gordo
2020-09-17,250.5,boi_gordo
2020-09-18,248.0,boi_gordo
2020-09-21,249.85,boi_gordo
2020-09-22,251.3,boi_gordo
2020-09-23,254.2,boi_gordo
2020-09-24,252.55,boi_gordo
2020-09-25,255.65,boi_gordo
2020-09-28,255.7,boi_gordo
2020-09-29,256.0,boi_gordo
2020-09-30,256.7,boi_gordo
2020-10-01,256.8,boi_gordo
2020-10-02,258.05,boi_gordo
2020-10-05,257.7,boi_gordo
2020-10-06,253.55,boi_gordo
2020-10-07,258.0,boi_gordo
2020-10-08,255.3,boi_gordo
2020-10-09,261.6,boi_gordo
2020-10-13,261.9,boi_gordo
2020-10-14,263.35,boi_gordo
2020-10-15,261.45,boi_gordo
2020-10-16,263.65,boi_gordo
2020-10-19,264.3,boi_gordo
2020-10-20,266.45,boi_gordo
2020-10-21,268.7,boi_gordo
2020-10-22,269.65,boi_gordo
2020-10-23,269.1,boi_gordo
2020-10-26,270.5,boi_gordo
2020-10-27,274.7,boi_gordo
2020-10-28,268.8,boi_gordo
2020-10-29,275.6,boi_gordo
2020-10-30,278.4,boi_gordo
2020-11-03,276.95,boi_gordo
2020-11-04,277.65,boi_gordo
2020-11-05,279.9,boi_gordo
2020-11-06,287.85,boi_gordo
2020-11-09,287.25,boi_gordo
2020-11-10,288.0,boi_gordo
2020-11-11,292.0,boi_gordo
2020-11-12,288.55,boi_gordo
2020-11-13,291.8,boi_gordo
2020-11-16,290.55,boi_gordo
2020-11-17,285.45,boi_gordo
2020-11-18,282.15,boi_gordo
2020-11-19,287.65,boi_gordo
2020-11-20,287.05,boi_gordo
2020-11-23,289.7,boi_gordo
2020-11-24,286.9,boi_gordo
2020-11-25,278.3,boi_gordo
2020-11-26,285.25,boi_gordo
2020-11-27,279.8,boi_gordo
2020-11-30,283.75,boi_gordo
2020-12-01,271.6,boi_gordo
2020-12-02,274.3,boi_gordo
2020-12-03,275.35,boi_gordo
2020-12-04,271.0,boi_gordo
2020-12-07,270.25,boi_gordo
2020-12-08,266.8,boi_gordo
2020-12-09,265.3,boi_gordo
2020-12-10,263.0,boi_gordo
2020-12-11,263.0,boi_gordo
2020-12-14,259.7,boi_gordo
2020-12-15,262.55,boi_gordo
2020-12-16,265.15,boi_gordo
2020-12-17,259.0,boi_gordo
2020-12-18,255.3,boi_gordo
2020-12-21,261.15,boi_gordo
2020-12-22,262.8,boi_gordo
2020-12-23,266.3,boi_gordo
2020-12-28,270.3,boi_gordo
2020-12-29,272.5,boi_gordo
2020-12-30,267.15,boi_gordo
2021-01-04,273.7,boi_gordo
2021-01-05,276.9,boi_gordo
2021-01-06,278.3,boi_gordo
2021-01-07,280.1,boi_gordo
2021-01-08,279.5,boi_gordo
2021-01-11,284.7,boi_gordo
2021-01-12,283.95,boi_gordo
2021-01-13,285.95,boi_gordo
2021-01-14,290.2,boi_gordo
2021-01-15,287.9,boi_gordo
2021-01-18,289.7,boi_gordo
2021-01-19,292.35,boi_gordo
2021-01-20,294.6,boi_gordo
2021-01-21,297.05,boi_gordo
2021-01-22,294.95,boi_gordo
2021-01-25,294.95,boi_gordo
2021-01-26,298.0,boi_gordo
2021-01-27,297.85,boi_gordo
2021-01-28,299.7,boi_gordo
2021-01-29,299.85,boi_gordo
2021-02-01,301.0,boi_gordo
2021-02-02,301.05,boi_gordo
2021-02-03,301.9,boi_gordo
2021-02-04,300.1,boi_gordo
2021-02-05,301.7,boi_gordo
2021-02-08,301.5,boi_gordo
2021-02-09,302.2,boi_gordo
2021-02-10,299.95,boi_gordo
2021-02-11,301.2,boi_gordo
2021-02-12,303.0,boi_gordo
2021-02-17,302.25,boi_gordo
2021-02-18,303.75,boi_gordo
2021-02-19,303.05,boi_gordo
2021-02-22,302.45,boi_gordo
2021-02-23,300.8,boi_gordo
2021-02-24,299.5,boi_gordo
2021-02-25,302.55,boi_gordo
2021-02-26,303.15,boi_gordo
2021-03-01,299.8,boi_gordo
2021-03-02,301.5,boi_gordo
2021-03-03,298.15,boi_gordo
2021-03-04,303.95,boi_gordo
2021-03-05,301.1,boi_gordo
2021-03-08,307.5,boi_gordo
2021-03-09,306.15,boi_gordo
2021-03-10,308.8,boi_gordo
2021-03-11,308.8,boi_gordo
2021-03-12,310.5,boi_gordo
2021-03-15,309.6,boi_gordo
2021-03-16,309.9,boi_gordo
2021-03-17,309.5,boi_gordo
2021-03-18,313.5,boi_gordo
2021-03-19,311.5,boi_gordo
2021-03-22,315.2,boi_gordo
2021-03-23,313.8,boi_gordo
2021-03-24,310.8,boi_gordo
2021-03-25,315.8,boi_gordo
2021-03-26,314.45,boi_gordo
2021-03-29,315.6,boi_gordo
2021-03-30,313.1,boi_gordo
2021-03-31,315.8,boi_gordo
2021-04-01,316.1,boi_gordo
2021-04-05,317.45,boi_gordo
2021-04-06,318.95,boi_gordo
2021-04-07,316.3,boi_gordo
2021-04-08,316.8,boi_gordo
2021-04-09,319.4,boi_gordo
2021-04-12,316.45,boi_gordo
2021-04-13,316.7,boi_gordo
2021-04-14,320.0,boi_gordo
2021-04-15,319.4,boi_gordo
2021-04-16,312.6,boi_gordo
2021-04-19,315.4,boi_gordo
2021-04-20,315.85,boi_gordo
2021-04-22,316.65,boi_gordo
2021-04-23,315.4,boi_gordo
2021-04-26,315.6,boi_gordo
2021-04-27,313.4,boi_gordo
2021-04-28,312.1,boi_gordo
2021-04-29,313.7,boi_gordo
2021-04-30,312.95,boi_gordo
2021-05-03,314.2,boi_gordo
2021-05-04,313.1,boi_gordo
2021-05-05,307.5,boi_gordo
2021-05-06,309.6,boi_gordo
2021-05-07,311.45,boi_gordo
2021-05-10,311.4,boi_gordo
2021-05-11,312.1,boi_gordo
2021-05-12,307.7,boi_gordo
2021-05-13,311.85,boi_gordo
2021-05-14,307.0,boi_gordo
2021-05-17,303.2,boi_gordo
2021-05-18,306.55,boi_gordo
2021-05-19,309.35,boi_gordo
2021-05-20,305.45,boi_gordo
2021-05-21,312.4,boi_gordo
2021-05-24,307.5,boi_gordo
2021-05-25,309.0,boi_gordo
2021-05-26,312.75,boi_gordo
2021-05-27,314.6,boi_gordo
2021-05-28,317.1,boi_gordo
2021-05-31,316.15,boi_gordo
2021-06-01,313.0,boi_gordo
2021-06-02,307.9,boi_gordo
2021-06-04,311.45,boi_gordo
2021-06-07,308.75,boi_gordo
2021-06-08,316.7,boi_gordo
2021-06-09,315.85,boi_gordo
2021-06-10,317.35,boi_gordo
2021-06-11,319.45,boi_gordo
2021-06-14,319.45,boi_gordo
2021-06-15,317.35,boi_gordo
2021-06-16,319.65,boi_gordo
2021-06-17,318.9,boi_gordo
2021-06-18,320.9,boi_gordo
2021-06-21,318.25,boi_gordo
2021-06-22,319.55,boi_gordo
2021-06-23,319.9,boi_gordo
2021-06-24,318.9,boi_gordo
2021-06-25,319.45,boi_gordo
2021-06-28,321.9,boi_gordo
2021-06-29,319.65,boi_gordo
2021-06-30,318.5,boi_gordo
2021-07-01,316.2,boi_gordo
2021-07-02,316.05,boi_gordo
2021-07-05,318.0,boi_gordo
2021-07-06,319.65,boi_gordo
2021-07-07,319.2,boi_gordo
2021-07-08,319.5,boi_gordo
2021-07-12,319.15,boi_gordo
2021-07-13,318.0,boi_gordo
2021-07-14,320.7,boi_gordo
2021-07-15,320.55,boi_gordo
2021-07-16,321.85,boi_gordo
2021-07-19,319.25,boi_gordo
2021-07-20,319.5,boi_gordo
2021-07-21,314.5,boi_gordo
2021-07-22,317.5,boi_gordo
2021-07-23,320.6,boi_gordo
2021-07-26,321.5,boi_gordo
2021-07-27,317.15,boi_gordo
2021-07-28,316.85,boi_gordo
2021-07-29,315.55,boi_gordo
2021-07-30,319.9,boi_gordo
2021-08-02,316.2,boi_gordo
2021-08-03,315.4,boi_gordo
2021-08-04,316.7,boi_gordo
2021-08-05,319.2,boi_gordo
2021-08-06,312.95,boi_gordo
2021-08-09,318.6,boi_gordo
2021-08-10,316.45,boi_gordo
2021-08-11,318.65,boi_gordo
2021-08-12,314.3,boi_gordo
2021-08-13,317.35,boi_gordo
2021-08-16,313.25,boi_gordo
2021-08-17,319.3,boi_gordo
2021-08-18,312.2,boi_gordo
2021-08-19,314.7,boi_gordo
2021-08-20,313.4,boi_gordo
2021-08-23,313.75,boi_gordo
2021-08-24,313.0,boi_gordo
2021-08-25,313.4,boi_gordo
2021-08-26,312.45,boi_gordo
2021-08-27,310.85,boi_gordo
2021-08-30,317.3,boi_gordo
2021-08-31,313.4,boi_gordo
2021-09-01,305.5,boi_gordo
2021-09-02,305.1,boi_gordo
2021-09-03,305.1,boi_gordo
2021-09-06,305.1,boi_gordo
2021-09-08,312.25,boi_gordo
2021-09-09,305.95,boi_gordo
2021-09-10,305.25,boi_gordo
2021-09-13,310.6,boi_gordo
2021-09-14,303.1,boi_gordo
2021-09-15,295.0,boi_gordo
2021-09-16,302.45,boi_gordo
2021-09-17,302.75,boi_gordo
2021-09-20,300.4,boi_gordo
2021-09-21,300.6,boi_gordo
2021-09-22,299.3,boi_gordo
2021-09-23,298.8,boi_gordo
2021-09-24,300.25,boi_gordo
2021-09-27,304.45,boi_gordo
2021-09-28,294.7,boi_gordo
2021-09-29,294.8,boi_gordo
2021-09-30,291.6,boi_gordo
2021-10-01,292.25,boi_gordo
2021-10-04,286.55,boi_gordo
2021-10-05,283.0,boi_gordo
2021-10-06,280.9,boi_gordo
2021-10-07,282.7,boi_gordo
2021-10-08,271.25,boi_gordo
2021-10-11,271.25,boi_gordo
2021-10-13,270.5,boi_gordo
2021-10-14,271.55,boi_gordo
2021-10-15,266.8,boi_gordo
2021-10-18,267.8,boi_gordo
2021-10-19,272.55,boi_gordo
2021-10-20,262.9,boi_gordo
2021-10-21,262.8,boi_gordo
2021-10-22,260.2,boi_gordo
2021-10-25,263.35,boi_gordo
2021-10-26,257.25,boi_gordo
2021-10-27,256.45,boi_gordo
2021-10-28,254.1,boi_gordo
2021-10-29,257.1,boi_gordo
2021-11-01,263.95,boi_gordo
2021-11-03,256.65,boi_gordo
2021-11-04,267.75,boi_gordo
2021-11-05,264.6,boi_gordo
2021-11-08,267.85,boi_gordo
2021-11-09,280.7,boi_gordo
2021-11-10,291.2,boi_gordo
2021-11-11,294.8,boi_gordo
2021-11-12,301.0,boi_gordo
2021-11-16,303.15,boi_gordo
2021-11-17,304.8,boi_gordo
2021-11-18,313.0,boi_gordo
2021-11-19,314.15,boi_gordo
2021-11-22,315.9,boi_gordo
2021-11-23,316.9,boi_gordo
2021-11-24,316.65,boi_gordo
2021-11-25,317.9,boi_gordo
2021-11-26,318.1,boi_gordo
2021-11-29,321.8,boi_gordo
2021-11-30,322.3,boi_gordo
2021-12-01,321.6,boi_gordo
2021-12-02,324.35,boi_gordo
2021-12-03,312.95,boi_gordo
2021-12-06,322.1,boi_gordo
2021-12-07,316.5,boi_gordo
2021-12-08,319.5,boi_gordo
2021-12-09,312.25,boi_gordo
2021-12-10,311.2,boi_gordo
2021-12-13,316.35,boi_gordo
2021-12-14,310.4,boi_gordo
2021-12-15,308.0,boi_gordo
2021-12-16,316.65,boi_gordo
2021-12-17,318.85,boi_gordo
2021-12-20,317.7,boi_gordo
2021-12-21,327.75,boi_gordo
2021-12-22,322.4,boi_gordo
2021-12-23,327.5,boi_gordo
2021-12-27,329.1,boi_gordo
2021-12-28,331.4,boi_gordo
2021-12-29,335.85,boi_gordo
2021-12-30,336.5,boi_gordo
2022-01-03,334.5,boi_gordo
2022-01-04,339.65,boi_gordo
2022-01-05,345.25,boi_gordo
2022-01-06,337.6,boi_gordo
2022-01-07,331.4,boi_gordo
2022-01-10,339.0,boi_gordo
2022-01-11,333.7,boi_gordo
2022-01-12,335.05,boi_gordo
2022-01-13,333.7,boi_gordo
2022-01-14,335.5,boi_gordo
2022-01-17,337.15,boi_gordo
2022-01-18,333.95,boi_gordo
2022-01-19,337.2,boi_gordo
2022-01-20,339.25,boi_gordo
2022-01-21,344.2,boi_gordo
2022-01-24,338.2,boi_gordo
2022-01-25,343.1,boi_gordo
2022-01-26,342.3,boi_gordo
2022-01-27,343.7,boi_gordo
2022-01-28,339.4,boi_gordo
2022-01-31,343.8,boi_gordo
2022-02-01,333.9,boi_gordo
2022-02-02,334.7,boi_gordo
2022-02-03,334.0,boi_gordo
2022-02-04,343.9,boi_gordo
2022-02-07,330.3,boi_gordo
2022-02-08,339.35,boi_gordo
2022-02-09,341.05,boi_gordo
2022-02-10,342.1,boi_gordo
2022-02-11,342.05,boi_gordo
2022-02-14,338.9,boi_gordo
2022-02-15,338.15,boi_gordo
2022-02-16,340.65,boi_gordo
2022-02-17,345.9,boi_gordo
2022-02-18,340.9,boi_gordo
2022-02-21,343.6,boi_gordo
2022-02-22,348.4,boi_gordo
2022-02-23,343.95,boi_gordo
2022-02-24,340.7,boi_gordo
2022-02-25,343.05,boi_gordo
2022-03-02,339.85,boi_gordo
2022-03-03,342.35,boi_gordo
2022-03-04,341.15,boi_gordo
2022-03-07,345.35,boi_gordo
2022-03-08,350.35,boi_gordo
2022-03-09,342.8,boi_gordo
2022-03-10,345.2,boi_gordo
2022-03-11,347.0,boi_gordo
2022-03-14,345.05,boi_gordo
2022-03-15,341.1,boi_gordo
2022-03-16,343.3,boi_gordo
2022-03-17,349.45,boi_gordo
2022-03-18,349.05,boi_gordo
2022-03-21,346.0,boi_gordo
2022-03-22,349.1,boi_gordo
2022-03-23,345.3,boi_gordo
2022-03-24,352.05,boi_gordo
2022-03-25,347.0,boi_gordo
2022-03-28,349.95,boi_gordo
2022-03-29,341.6,boi_gordo
2022-03-30,347.35,boi_gordo
2022-03-31,323.25,boi_gordo
2022-04-01,341.6,boi_gordo
2022-04-04,335.4,boi_gordo
2022-04-05,333.4,boi_gordo
2022-04-06,336.7,boi_gordo
2022-04-07,327.4,boi_gordo
2022-04-08,345.95,boi_gordo
2022-04-11,338.6,boi_gordo
2022-04-12,337.1,boi_gordo
2022-04-13,336.3,boi_gordo
2022-04-14,338.9,boi_gordo
2022-04-18,328.8,boi_gordo
2022-04-19,340.25,boi_gordo
2022-04-20,331.4,boi_gordo
2022-04-22,327.75,boi_gordo
2022-04-25,328.9,boi_gordo
2022-04-26,334.0,boi_gordo
2022-04-27,335.6,boi_gordo
2022-04-28,333.3,boi_gordo
2022-04-29,334.85,boi_gordo
2022-05-02,328.9,boi_gordo
2022-05-03,339.3,boi_gordo
2022-05-04,331.95,boi_gordo
2022-05-05,333.25,boi_gordo
2022-05-06,333.25,boi_gordo
2022-05-09,331.3,boi_gordo
2022-05-10,330.5,boi_gordo
2022-05-11,311.15,boi_gordo
2022-05-12,325.4,boi_gordo
2022-05-13,327.45,boi_gordo
2022-05-16,334.8,boi_gordo
2022-05-17,323.4,boi_gordo
2022-05-18,307.25,boi_gordo
2022-05-19,311.5,boi_gordo
2022-05-20,324.45,boi_gordo
2022-05-23,305.2,boi_gordo
2022-05-24,314.15,boi_gordo
2022-05-25,318.2,boi_gordo
2022-05-26,319.1,boi_gordo
2022-05-27,315.8,boi_gordo
2022-05-30,320.4,boi_gordo
2022-05-31,321.4,boi_gordo
2022-06-01,314.6,boi_gordo
2022-06-02,308.65,boi_gordo
2022-06-03,312.5,boi_gordo
2022-06-06,311.4,boi_gordo
2022-06-07,315.15,boi_gordo
2022-06-08,316.15,boi_gordo
2022-06-09,312.1,boi_gordo
2022-06-10,314.4,boi_gordo
2022-06-13,311.05,boi_gordo
2022-06-14,319.75,boi_gordo
2022-06-15,317.7,boi_gordo
2022-06-17,320.5,boi_gordo
2022-06-20,323.6,boi_gordo
2022-06-21,321.4,boi_gordo
2022-06-22,321.5,boi_gordo
2022-06-23,321.75,boi_gordo
2022-06-24,322.9,boi_gordo
2022-06-27,326.25,boi_gordo
2022-06-28,326.0,boi_gordo
2022-06-29,319.65,boi_gordo
2022-06-30,320.25,boi_gordo
2022-07-01,314.75,boi_gordo
2022-07-04,324.95,boi_gordo
2022-07-05,323.55,boi_gordo
2022-07-06,316.0,boi_gordo
2022-07-07,324.8,boi_gordo
2022-07-08,324.95,boi_gordo
2022-07-11,334.0,boi_gordo
2022-07-12,324.7,boi_gordo
2022-07-13,330.35,boi_gordo
2022-07-14,324.65,boi_gordo
2022-07-15,325.95,boi_gordo
2022-07-18,327.05,boi_gordo
2022-07-19,321.4,boi_gordo
2022-07-20,323.7,boi_gordo
2022-07-21,320.65,boi_gordo
2022-07-22,324.1,boi_gordo
2022-07-25,330.0,boi_gordo
2022-07-26,322.75,boi_gordo
2022-07-27,325.05,boi_gordo
2022-07-28,323.5,boi_gordo
2022-07-29,325.7,boi_gordo
2022-08-01,326.65,boi_gordo
2022-08-02,322.5,boi_gordo
2022-08-03,299.55,boi_gordo
2022-08-04,297.6,boi_gordo
2022-08-05,310.65,boi_gordo
2022-08-08,315.75,boi_gordo
2022-08-09,317.0,boi_gordo
2022-08-10,311.2,boi_gordo
2022-08-11,307.8,boi_gordo
2022-08-12,316.5,boi_gordo
2022-08-15,313.5,boi_gordo
2022-08-16,314.2,boi_gordo
2022-08-17,316.6,boi_gordo
2022-08-18,313.0,boi_gordo
2022-08-19,318.35,boi_gordo
2022-08-22,326.6,boi_gordo
2022-08-23,303.2,boi_gordo
2022-08-24,307.9,boi_gordo
2022-08-25,313.45,boi_gordo
2022-08-26,323.6,boi_gordo
2022-08-29,311.35,boi_gordo
2022-08-30,312.0,boi_gordo
2022-08-31,309.1,boi_gordo
2022-09-01,314.75,boi_gordo
2022-09-02,310.25,boi_gordo
2022-09-05,314.95,boi_gordo
2022-09-06,303.95,boi_gordo
2022-09-08,307.0,boi_gordo
2022-09-09,292.3,boi_gordo
2022-09-12,306.25,boi_gordo
2022-09-13,308.4,boi_gordo
2022-09-14,296.4,boi_gordo
2022-09-15,291.6,boi_gordo
2022-09-16,294.55,boi_gordo
2022-09-19,308.05,boi_gordo
2022-09-20,308.0,boi_gordo
2022-09-21,297.5,boi_gordo
2022-09-22,299.05,boi_gordo
2022-09-23,300.6,boi_gordo
2022-09-26,301.8,boi_gordo
2022-09-27,306.7,boi_gordo
2022-09-28,301.9,boi_gordo
2022-09-29,302.3,boi_gordo
2022-09-30,303.95,boi_gordo
2022-10-03,290.1,boi_gordo
2022-10-04,294.9,boi_gordo
2022-10-05,295.0,boi_gordo
2022-10-06,301.55,boi_gordo
2022-10-07,303.5,boi_gordo
2022-10-10,304.05,boi_gordo
2022-10-11,302.3,boi_gordo
2022-10-13,306.3,boi_gordo
2022-10-14,297.4,boi_gordo
2022-10-17,286.4,boi_gordo
2022-10-18,302.45,boi_gordo
2022-10-19,295.7,boi_gordo
2022-10-20,299.7,boi_gordo
2022-10-21,295.3,boi_gordo
2022-10-24,310.8,boi_gordo
2022-10-25,292.8,boi_gordo
2022-10-26,284.2,boi_gordo
2022-10-27,294.9,boi_gordo
2022-10-28,285.4,boi_gordo
2022-10-31,292.0,boi_gordo
2022-11-01,281.35,boi_gordo
2022-11-03,289.3,boi_gordo
2022-11-04,287.7,boi_gordo
2022-11-07,288.0,boi_gordo
2022-11-08,283.8,boi_gordo
2022-11-09,292.3,boi_gordo
2022-11-10,279.1,boi_gordo
2022-11-11,270.5,boi_gordo
2022-11-14,270.5,boi_gordo
2022-11-16,268.1,boi_gordo
2022-11-17,286.45,boi_gordo
2022-11-18,279.05,boi_gordo
2022-11-21,291.4,boi_gordo
2022-11-22,281.0,boi_gordo
2022-11-23,283.65,boi_gordo
2022-11-24,293.95,boi_gordo
2022-11-25,287.75,boi_gordo
2022-11-28,287.75,boi_gordo
2022-11-29,280.45,boi_gordo
2022-11-30,284.9,boi_gordo
2022-12-01,290.7,boi_gordo
2022-12-02,290.7,boi_gordo
2022-12-05,293.5,boi_gordo
2022-12-06,290.5,boi_gordo
2022-12-07,284.9,boi_gordo
2022-12-08,280.65,boi_gordo
2022-12-09,295.85,boi_gordo
2022-12-12,298.8,boi_gordo
2022-12-13,291.25,boi_gordo
2022-12-14,293.7,boi_gordo
2022-12-15,296.45,boi_gordo
2022-12-16,297.2,boi_gordo
2022-12-19,304.55,boi_gordo
2022-12-20,290.3,boi_gordo
2022-12-21,288.3,boi_gordo
2022-12-22,297.1,boi_gordo
2022-12-23,290.0,boi_gordo
2022-12-26,297.7,boi_gordo
2022-12-27,286.6,boi_gordo
2022-12-28,288.45,boi_gordo
2022-12-29,286.85,boi_gordo
2023-01-02,286.85,boi_gordo
2023-01-03,293.45,boi_gordo
2023-01-04,288.2,boi_gordo
2023-01-05,284.95,boi_gordo
2023-01-06,289.75,boi_gordo
2023-01-09,271.85,boi_gordo
2023-01-10,287.5,boi_gordo
2023-01-11,287.15,boi_gordo
2023-01-12,289.8,boi_gordo
2023-01-13,288.75,boi_gordo
2023-01-16,287.6,boi_gordo
2023-01-17,279.5,boi_gordo
2023-01-18,287.0,boi_gordo
2023-01-19,284.9,boi_gordo
2023-01-20,277.5,boi_gordo
2023-01-23,286.7,boi_gordo
2023-01-24,276.95,boi_gordo
2023-01-25,284.7,boi_gordo
2023-01-26,290.05,boi_gordo
2023-01-27,290.2,boi_gordo
2023-01-30,289.35,boi_gordo
2023-01-31,288.7,boi_gordo
2023-02-01,291.1,boi_gordo
2023-02-02,290.1,boi_gordo
2023-02-03,286.4,boi_gordo
2023-02-06,293.1,boi_gordo
2023-02-07,289.25,boi_gordo
2023-02-08,296.6,boi_gordo
2023-02-09,295.15,boi_gordo
2023-02-10,295.0,boi_gordo
2023-02-13,302.7,boi_gordo
2023-02-14,300.9,boi_gordo
2023-02-15,296.0,boi_gordo
2023-02-16,302.95,boi_gordo
2023-02-17,294.6,boi_gordo
2023-02-22,299.5,boi_gordo
2023-02-23,267.45,boi_gordo
2023-02-24,273.1,boi_gordo
2023-02-27,273.1,boi_gordo
2023-02-28,267.95,boi_gordo
2023-03-01,273.85,boi_gordo
2023-03-02,273.85,boi_gordo
2023-03-03,273.85,boi_gordo
2023-03-06,273.85,boi_gordo
2023-03-07,266.95,boi_gordo
2023-03-08,266.95,boi_gordo
2023-03-09,276.8,boi_gordo
2023-03-10,282.2,boi_gordo
2023-03-13,280.2,boi_gordo
2023-03-14,276.25,boi_gordo
2023-03-15,276.05,boi_gordo
2023-03-16,278.9,boi_gordo
2023-03-17,278.9,boi_gordo
2023-03-20,277.8,boi_gordo
2023-03-21,279.65,boi_gordo
2023-03-22,276.25,boi_gordo
2023-03-23,292.9,boi_gordo
2023-03-24,298.8,boi_gordo
2023-03-27,295.35,boi_gordo
2023-03-28,295.2,boi_gordo
2023-03-29,295.75,boi_gordo
2023-03-30,295.1,boi_gordo
2023-03-31,295.95,boi_gordo
2023-04-03,296.85,boi_gordo
2023-04-04,294.25,boi_gordo
2023-04-05,290.3,boi_gordo
2023-04-06,294.15,boi_gordo
2023-04-10,284.9,boi_gordo
2023-04-11,293.0,boi_gordo
2023-04-12,291.55,boi_gordo
2023-04-13,285.35,boi_gordo
2023-04-14,285.9,boi_gordo
2023-04-17,286.8,boi_gordo
2023-04-18,284.4,boi_gordo
2023-04-19,278.4,boi_gordo
2023-04-20,285.4,boi_gordo
2023-04-24,282.9,boi_gordo
2023-04-25,281.6,boi_gordo
2023-04-26,279.15,boi_gordo
2023-04-27,278.2,boi_gordo
2023-04-28,271.4,boi_gordo
2023-05-02,273.35,boi_gordo
2023-05-03,262.3,boi_gordo
2023-05-04,260.45,boi_gordo
2023-05-05,269.6,boi_gordo
2023-05-08,274.35,boi_gordo
2023-05-09,272.55,boi_gordo
2023-05-10,274.7,boi_gordo
2023-05-11,271.25,boi_gordo
2023-05-12,272.55,boi_gordo
2023-05-15,273.6,boi_gordo
2023-05-16,267.2,boi_gordo
2023-05-17,267.75,boi_gordo
2023-05-18,267.3,boi_gordo
2023-05-19,263.6,boi_gordo
2023-05-22,263.55,boi_gordo
2023-05-23,261.85,boi_gordo
2023-05-24,257.3,boi_gordo
2023-05-25,255.85,boi_gordo
2023-05-26,253.3,boi_gordo
2023-05-29,256.9,boi_gordo
2023-05-30,241.75,boi_gordo
2023-05-31,243.25,boi_gordo
2023-06-01,243.9,boi_gordo
2023-06-02,248.3,boi_gordo
2023-06-05,248.85,boi_gordo
2023-06-06,244.9,boi_gordo
2023-06-07,244.4,boi_gordo
2023-06-09,251.1,boi_gordo
2023-06-12,237.65,boi_gordo
2023-06-13,243.65,boi_gordo
2023-06-14,249.4,boi_gordo
2023-06-15,236.15,boi_gordo
2023-06-16,244.2,boi_gordo
2023-06-19,243.15,boi_gordo
2023-06-20,251.6,boi_gordo
2023-06-21,252.95,boi_gordo
2023-06-22,249.9,boi_gordo
2023-06-23,252.4,boi_gordo
2023-06-26,257.8,boi_gordo
2023-06-27,258.0,boi_gordo
2023-06-28,252.2,boi_gordo
2023-06-29,260.0,boi_gordo
2023-06-30,254.2,boi_gordo
2023-07-03,259.05,boi_gordo
2023-07-04,258.65,boi_gordo
2023-07-05,244.7,boi_gordo
2023-07-06,257.3,boi_gordo
2023-07-07,256.25,boi_gordo
2023-07-10,254.7,boi_gordo
2023-07-11,257.15,boi_gordo
2023-07-12,258.0,boi_gordo
2023-07-13,253.2,boi_gordo
2023-07-14,254.9,boi_gordo
2023-07-17,257.0,boi_gordo
2023-07-18,248.2,boi_gordo
2023-07-19,246.15,boi_gordo
2023-07-20,250.9,boi_gordo
2023-07-21,246.35,boi_gordo
2023-07-24,247.1,boi_gordo
2023-07-25,243.6,boi_gordo
2023-07-26,243.5,boi_gordo
2023-07-27,241.4,boi_gordo
2023-07-28,245.05,boi_gordo
2023-07-31,243.85,boi_gordo
2023-08-01,240.1,boi_gordo
2023-08-02,242.1,boi_gordo
2023-08-03,232.4,boi_gordo
2023-08-04,240.2,boi_gordo
2023-08-07,237.7,boi_gordo
2023-08-08,238.0,boi_gordo
2023-08-09,237.35,boi_gordo
2023-08-10,233.95,boi_gordo
2023-08-11,230.1,boi_gordo
2023-08-14,230.4,boi_gordo
2023-08-15,221.2,boi_gordo
2023-08-16,217.15,boi_gordo
2023-08-17,219.05,boi_gordo
2023-08-18,211.85,boi_gordo
2023-08-21,215.1,boi_gordo
2023-08-22,214.95,boi_gordo
2023-08-23,205.3,boi_gordo
2023-08-24,199.75,boi_gordo
2023-08-25,199.9,boi_gordo
2023-08-28,199.25,boi_gordo
2023-08-29,202.95,boi_gordo
2023-08-30,199.75,boi_gordo
2023-08-31,199.8,boi_gordo
2023-09-01,199.65,boi_gordo
2023-09-04,199.2,boi_gordo
2023-09-05,201.0,boi_gordo
2023-09-06,200.35,boi_gordo
2023-09-08,202.7,boi_gordo
2023-09-11,204.15,boi_gordo
2023-09-12,196.35,boi_gordo
2023-09-13,202.0,boi_gordo
2023-09-14,204.0,boi_gordo
2023-09-15,213.7,boi_gordo
2023-09-18,214.9,boi_gordo
2023-09-19,209.85,boi_gordo
2023-09-20,215.4,boi_gordo
2023-09-21,218.65,boi_gordo
2023-09-22,222.1,boi_gordo
2023-09-25,220.8,boi_gordo
2023-09-26,226.55,boi_gordo
2023-09-27,228.3,boi_gordo
2023-09-28,234.5,boi_gordo
2023-09-29,236.15,boi_gordo
2023-10-02,236.05,boi_gordo
2023-10-03,238.8,boi_gordo
2023-10-04,233.95,boi_gordo
2023-10-05,239.2,boi_gordo
2023-10-06,239.8,boi_gordo
2023-10-09,238.0,boi_gordo
2023-10-10,237.8,boi_gordo
2023-10-11,233.05,boi_gordo
2023-10-13,231.9,boi_gordo
2023-10-16,243.45,boi_gordo
2023-10-17,241.7,boi_gordo
2023-10-18,230.8,boi_gordo
2023-10-19,242.1,boi_gordo
2023-10-20,241.1,boi_gordo
2023-10-23,237.4,boi_gordo
2023-10-24,239.45,boi_gordo
2023-10-25,240.05,boi_gordo
2023-10-26,240.75,boi_gordo
2023-10-27,230.0,boi_gordo
2023-10-30,241.7,boi_gordo
2023-10-31,237.5,boi_gordo
2023-11-01,232.85,boi_gordo
2023-11-03,234.95,boi_gordo
2023-11-06,240.6,boi_gordo
2023-11-07,228.5,boi_gordo
2023-11-08,229.5,boi_gordo
2023-11-09,228.25,boi_gordo
2023-11-10,234.65,boi_gordo
2023-11-13,231.75,boi_gordo
2023-11-14,231.25,boi_gordo
2023-11-16,227.95,boi_gordo
2023-11-17,235.6,boi_gordo
2023-11-20,235.6,boi_gordo
2023-11-21,235.65,boi_gordo
2023-11-22,232.8,boi_gordo
2023-11-23,237.8,boi_gordo
2023-11-24,232.35,boi_gordo
2023-11-27,241.7,boi_gordo
2023-11-28,244.7,boi_gordo
2023-11-29,241.2,boi_gordo
2023-11-30,239.7,boi_gordo
2023-12-01,248.1,boi_gordo
2023-12-04,249.45,boi_gordo
2023-12-05,246.35,boi_gordo
2023-12-06,240.7,boi_gordo
2023-12-07,243.05,boi_gordo
2023-12-08,247.95,boi_gordo
2023-12-11,249.4,boi_gordo
2023-12-12,250.8,boi_gordo
2023-12-13,248.65,boi_gordo
2023-12-14,249.4,boi_gordo
2023-12-15,249.15,boi_gordo
2023-12-18,250.35,boi_gordo
2023-12-19,242.8,boi_gordo
2023-12-20,248.9,boi_gordo
2023-12-21,250.2,boi_gordo
2023-12-22,251.9,boi_gordo
2023-12-26,252.5,boi_gordo
2023-12-27,252.05,boi_gordo
2023-12-28,252.3,boi_gordo
2024-01-02,255.5,boi_gordo
2024-01-03,250.15,boi_gordo
2024-01-04,251.75,boi_gordo
2024-01-05,251.45,boi_gordo
2024-01-08,252.65,boi_gordo
2024-01-09,249.05,boi_gordo
2024-01-10,250.4,boi_gordo
2024-01-11,250.95,boi_gordo
2024-01-12,251.3,boi_gordo
2024-01-15,248.55,boi_gordo
2024-01-16,249.7,boi_gordo
2024-01-17,249.5,boi_gordo
2024-01-18,251.1,boi_gordo
2024-01-19,249.6,boi_gordo
2024-01-22,249.1,boi_gordo
2024-01-23,248.0,boi_gordo
2024-01-24,248.0,boi_gordo
2024-01-25,247.7,boi_gordo
2024-01-26,247.1,boi_gordo
2024-01-29,248.55,boi_gordo
2024-01-30,247.2,boi_gordo
2024-01-31,245.0,boi_gordo
2024-02-01,242.9,boi_gordo
2024-02-02,240.2,boi_gordo
2024-02-05,239.7,boi_gordo
2024-02-06,237.55,boi_gordo
2024-02-07,238.0,boi_gordo
2024-02-08,239.15,boi_gordo
2024-02-09,239.35,boi_gordo
2024-02-14,237.8,boi_gordo
2024-02-15,238.95,boi_gordo
2024-02-16,240.45,boi_gordo
2024-02-19,239.2,boi_gordo
2024-02-20,235.5,boi_gordo
2024-02-21,236.35,boi_gordo
2024-02-22,235.6,boi_gordo
2024-02-23,236.25,boi_gordo
2024-02-26,236.45,boi_gordo
2024-02-27,235.2,boi_gordo
2024-02-28,234.9,boi_gordo
2024-02-29,235.4,boi_gordo
2024-03-01,235.05,boi_gordo
2024-03-04,235.1,boi_gordo
2024-03-05,233.3,boi_gordo
2024-03-06,234.05,boi_gordo
2024-03-07,236.7,boi_gordo
2024-03-08,234.6,boi_gordo
2024-03-11,233.85,boi_gordo
2024-03-12,233.15,boi_gordo
2024-03-13,232.3,boi_gordo
2024-03-14,233.6,boi_gordo
2024-03-15,231.5,boi_gordo
2024-03-18,231.25,boi_gordo
2024-03-19,228.5,boi_gordo
2024-03-20,230.9,boi_gordo
2024-03-21,231.7,boi_gordo
2024-03-22,232.3,boi_gordo
2024-03-25,232.0,boi_gordo
2024-03-26,232.2,boi_gordo
2024-03-27,231.8,boi_gordo
2024-03-28,232.3,boi_gordo
2024-04-01,228.05,boi_gordo
2024-04-02,228.6,boi_gordo
2024-04-03,227.3,boi_gordo
2024-04-04,227.95,boi_gordo
2024-04-05,230.4,boi_gordo
2024-04-08,225.9,boi_gordo
2024-04-09,229.0,boi_gordo
2024-04-10,233.2,boi_gordo
2024-04-11,230.4,boi_gordo
2024-04-12,231.2,boi_gordo
2024-04-15,230.7,boi_gordo
2024-04-16,230.8,boi_gordo
2024-04-17,229.2,boi_gordo
2024-04-18,232.05,boi_gordo
2024-04-19,234.5,boi_gordo
2024-04-22,231.0,boi_gordo
2024-04-23,233.95,boi_gordo
2024-04-24,232.6,boi_gordo
2024-04-25,233.15,boi_gordo
2024-04-26,232.25,boi_gordo
2024-04-29,229.6,boi_gordo
2024-04-30,229.35,boi_gordo
2024-05-02,231.1,boi_gordo
2024-05-03,233.8,boi_gordo
2024-05-06,233.75,boi_gordo
2024-05-07,233.15,boi_gordo
2024-05-08,233.05,boi_gordo
2024-05-09,231.8,boi_gordo
2024-05-10,230.15,boi_gordo
2024-05-13,228.65,boi_gordo
2024-05-14,227.0,boi_gordo
2024-05-15,226.5,boi_gordo
2024-05-16,225.9,boi_gordo
2024-05-17,225.6,boi_gordo
2024-05-20,225.6,boi_gordo
2024-05-21,225.1,boi_gordo
2024-05-22,223.7,boi_gordo
2024-05-23,222.5,boi_gordo
2024-05-24,222.05,boi_gordo
2024-05-27,221.4,boi_gordo
2024-05-28,221.9,boi_gordo
2024-05-29,221.5,boi_gordo
2024-05-31,221.15,boi_gordo
2024-06-03,216.7,boi_gordo
2024-06-04,216.6,boi_gordo
2024-06-05,216.55,boi_gordo
2024-06-06,215.95,boi_gordo
2024-06-07,215.3,boi_gordo
2024-06-10,215.8,boi_gordo
2024-06-11,216.0,boi_gordo
2024-06-12,219.25,boi_gordo
2024-06-13,220.5,boi_gordo
2024-06-14,221.25,boi_gordo
2024-06-17,221.5,boi_gordo
2024-06-18,221.5,boi_gordo
2024-06-19,222.6,boi_gordo
2024-06-20,223.6,boi_gordo
2024-06-21,223.75,boi_gordo
2024-06-24,225.65,boi_gordo
2024-06-25,225.4,boi_gordo
2024-06-26,225.0,boi_gordo
2024-06-27,226.0,boi_gordo
2024-06-28,225.15,boi_gordo
2024-07-01,225.65,boi_gordo
2024-07-02,225.3,boi_gordo
2024-07-03,224.25,boi_gordo
2024-07-04,227.15,boi_gordo
2024-07-05,227.3,boi_gordo
2024-07-08,228.0,boi_gordo
2024-07-09,228.0,boi_gordo
2024-07-10,227.25,boi_gordo
2024-07-11,226.55,boi_gordo
2024-07-12,227.1,boi_gordo
2024-07-15,226.5,boi_gordo
2024-07-16,230.4,boi_gordo
2024-07-17,231.2,boi_gordo
2024-07-18,232.75,boi_gordo
2024-07-19,232.3,boi_gordo
2024-07-22,231.5,boi_gordo
2024-07-23,230.4,boi_gordo
2024-07-24,229.7,boi_gordo
2024-07-25,232.2,boi_gordo
2024-07-26,232.35,boi_gordo
2024-07-29,232.35,boi_gordo
2024-07-30,232.6,boi_gordo
2024-07-31,232.5,boi_gordo
2024-08-01,231.95,boi_gordo
2024-08-02,233.15,boi_gordo
2024-08-05,234.4,boi_gordo
2024-08-06,234.7,boi_gordo
2024-08-07,230.55,boi_gordo
2024-08-08,231.2,boi_gordo
2024-08-09,234.3,boi_gordo
2024-08-12,235.4,boi_gordo
2024-08-13,235.4,boi_gordo
2024-08-14,234.2,boi_gordo
2024-08-15,232.85,boi_gordo
2024-08-16,233.5,boi_gordo
2024-08-19,233.45,boi_gordo
2024-08-20,234.75,boi_gordo
2024-08-21,235.5,boi_gordo
2024-08-22,236.3,boi_gordo
2024-08-23,237.7,boi_gordo
2024-08-26,237.8,boi_gordo
2024-08-27,237.85,boi_gordo
2024-08-28,237.9,boi_gordo
2024-08-29,239.0,boi_gordo
2024-08-30,239.75,boi_gordo
2024-09-02,237.4,boi_gordo
2024-09-03,241.8,boi_gordo
2024-09-04,243.6,boi_gordo
2024-09-05,246.8,boi_gordo
2024-09-06,246.9,boi_gordo
2024-09-09,247.15,boi_gordo
2024-09-10,247.2,boi_gordo
2024-09-11,249.35,boi_gordo
2024-09-12,251.35,boi_gordo
2024-09-13,254.0,boi_gordo
2024-09-16,252.45,boi_gordo
2024-09-17,257.05,boi_gordo
2024-09-18,257.3,boi_gordo
2024-09-19,259.95,boi_gordo
2024-09-20,261.05,boi_gordo
2024-09-23,261.7,boi_gordo
2024-09-24,265.05,boi_gordo
2024-09-25,265.6,boi_gordo
2024-09-26,270.55,boi_gordo
2024-09-27,273.9,boi_gordo
2024-09-30,274.35,boi_gordo
2024-10-01,276.35,boi_gordo
2024-10-02,281.0,boi_gordo
2024-10-03,285.8,boi_gordo
2024-10-04,291.8,boi_gordo
2024-10-07,293.15,boi_gordo
2024-10-08,294.2,boi_gordo
2024-10-09,293.9,boi_gordo
2024-10-10,294.5,boi_gordo
2024-10-11,297.5,boi_gordo
2024-10-14,298.55,boi_gordo
2024-10-15,299.25,boi_gordo
2024-10-16,300.3,boi_gordo
2024-10-17,301.95,boi_gordo
2024-10-18,302.1,boi_gordo
2024-10-21,306.3,boi_gordo
2024-10-22,308.1,boi_gordo
2024-10-23,308.8,boi_gordo
2024-10-24,312.75,boi_gordo
2024-10-25,313.1,boi_gordo
2024-10-28,314.1,boi_gordo
2024-10-29,315.7,boi_gordo
2024-10-30,318.3,boi_gordo
2024-10-31,318.6,boi_gordo
2024-11-01,320.55,boi_gordo
2024-11-04,320.8,boi_gordo
2024-11-05,320.9,boi_gordo
2024-11-06,325.5,boi_gordo
2024-11-07,326.3,boi_gordo
2024-11-08,329.05,boi_gordo
2024-11-11,334.6,boi_gordo
2024-11-12,335.15,boi_gordo
2024-11-13,339.6,boi_gordo
2024-11-14,342.2,boi_gordo
2024-11-18,344.2,boi_gordo
2024-11-19,344.45,boi_gordo
2024-11-21,347.05,boi_gordo
2024-11-22,347.55,boi_gordo
2024-11-25,349.75,boi_gordo
2024-11-26,352.0,boi_gordo
2024-11-27,352.65,boi_gordo
2024-11-28,352.1,boi_gordo
2024-11-29,351.95,boi_gordo
2024-12-02,351.8,boi_gordo
2024-12-03,336.4,boi_gordo
2024-12-04,332.35,boi_gordo
2024-12-05,323.9,boi_gordo
2024-12-06,323.7,boi_gordo
2024-12-09,322.15,boi_gordo
2024-12-10,316.1,boi_gordo
2024-12-11,316.45,boi_gordo
2024-12-12,316.85,boi_gordo
2024-12-13,313.8,boi_gordo
2024-12-16,309.8,boi_gordo
2024-12-17,310.9,boi_gordo
2024-12-18,315.15,boi_gordo
2024-12-19,315.55,boi_gordo
2024-12-20,315.1,boi_gordo
2024-12-23,314.6,boi_gordo
2024-12-26,315.85,boi_gordo
2024-12-27,318.35,boi_gordo
2024-12-30,317.4,boi_gordo
2025-01-02,321.55,boi_gordo
2025-01-03,321.85,boi_gordo
2025-01-06,321.85,boi_gordo
2025-01-07,322.5,boi_gordo
2025-01-08,323.7,boi_gordo
2025-01-09,323.9,boi_gordo
2025-01-10,324.35,boi_gordo
2025-01-13,325.6,boi_gordo
2025-01-14,325.7,boi_gordo
2025-01-15,326.95,boi_gordo
2025-01-16,325.3,boi_gordo
2025-01-17,326.65,boi_gordo
2025-01-20,326.6,boi_gordo
2025-01-21,326.6,boi_gordo
2025-01-22,327.15,boi_gordo
2025-01-23,325.4,boi_gordo
2025-01-24,325.1,boi_gordo
2025-01-27,326.7,boi_gordo
2025-01-28,325.2,boi_gordo
2025-01-29,325.85,boi_gordo
2025-01-30,326.0,boi_gordo
2025-01-31,324.45,boi_gordo
2025-02-03,326.1,boi_gordo
2025-02-04,327.1,boi_gordo
2025-02-05,325.85,boi_gordo
2025-02-06,326.9,boi_gordo
2025-02-07,324.6,boi_gordo
2025-02-10,324.65,boi_gordo
2025-02-11,324.25,boi_gordo
2025-02-12,322.8,boi_gordo
2025-02-13,320.05,boi_gordo
2025-02-14,320.3,boi_gordo
2025-02-17,320.3,boi_gordo
2025-02-18,317.45,boi_gordo
2025-02-19,315.3,boi_gordo
2025-02-20,314.2,boi_gordo
2025-02-21,314.2,boi_gordo
2025-02-24,314.25,boi_gordo
2025-02-25,312.1,boi_gordo
2025-02-26,311.4,boi_gordo
2025-02-27,311.4,boi_gordo
2025-02-28,310.95,boi_gordo
2025-03-05,309.7,boi_gordo
2025-03-06,311.0,boi_gordo
2025-03-07,311.65,boi_gordo
2025-03-10,311.45,boi_gordo
2025-03-11,311.95,boi_gordo
2025-03-12,312.1,boi_gordo
2025-03-13,312.1,boi_gordo
2025-03-14,309.7,boi_gordo
2025-03-17,309.2,boi_gordo
2025-03-18,310.1,boi_gordo
2025-03-19,310.25,boi_gordo
2025-03-20,311.25,boi_gordo
2025-03-21,312.6,boi_gordo
2025-03-24,312.75,boi_gordo
2025-03-25,312.95,boi_gordo
2025-03-26,312.95,boi_gordo
2025-03-27,316.55,boi_gordo
2025-03-28,319.1,boi_gordo
2025-03-31,319.5,boi_gordo
2025-04-01,320.75,boi_gordo
2025-04-02,320.8,boi_gordo
2025-04-03,321.6,boi_gordo
2025-04-04,324.6,boi_gordo
2025-04-07,324.6,boi_gordo
2025-04-08,324.4,boi_gordo
2025-04-09,322.0,boi_gordo
2025-04-10,323.8,boi_gordo
2025-04-11,324.5,boi_gordo
2025-04-14,328.5,boi_gordo
2025-04-15,327.0,boi_gordo
2025-04-16,326.0,boi_gordo
2025-04-17,326.65,boi_gordo
2025-04-22,327.3,boi_gordo
2025-04-23,325.95,boi_gordo
2025-04-24,324.15,boi_gordo
2025-04-25,323.9,boi_gordo
2025-04-28,323.9,boi_gordo
2025-04-29,319.9,boi_gordo
2025-04-30,318.85,boi_gordo
2025-05-02,318.85,boi_gordo
2025-05-05,319.45,boi_gordo
2025-05-06,316.5,boi_gordo
2025-05-07,315.75,boi_gordo
2025-05-08,309.2,boi_gordo
2025-05-09,309.2,boi_gordo
2025-05-12,313.8,boi_gordo
2025-05-13,308.35,boi_gordo
2025-05-14,308.0,boi_gordo
2025-05-15,308.0,boi_gordo
2025-05-16,302.6,boi_gordo
2025-05-19,302.15,boi_gordo
2025-05-20,306.4,boi_gordo
2025-05-21,303.65,boi_gordo
2025-05-22,303.65,boi_gordo
2025-05-23,301.0,boi_gordo
2025-05-26,301.4,boi_gordo
2025-05-27,305.6,boi_gordo
2025-05-28,305.1,boi_gordo
2025-05-29,306.5,boi_gordo
2025-05-30,306.1,boi_gordo
2025-06-02,306.1,boi_gordo
2025-06-03,306.4,boi_gordo
2025-06-04,311.2,boi_gordo
2025-06-05,311.15,boi_gordo
2025-06-06,311.15,boi_gordo
2025-06-09,311.75,boi_gordo
2025-06-10,312.2,boi_gordo
2025-06-11,314.2,boi_gordo
2025-06-12,315.85,boi_gordo
2025-06-13,314.35,boi_gordo
2025-06-16,314.35,boi_gordo
2025-06-17,313.85,boi_gordo
2025-06-18,314.4,boi_gordo
2025-06-20,314.4,boi_gordo
2025-06-23,314.4,boi_gordo
2025-06-24,317.7,boi_gordo
2025-06-25,316.2,boi_gordo
2025-06-26,315.75,boi_gordo
2025-06-27,317.4,boi_gordo
2025-06-30,317.4,boi_gordo
2025-07-01,310.65,boi_gordo
2025-07-02,310.65,boi_gordo
2025-07-03,310.4,boi_gordo
2025-07-04,310.4,boi_gordo
2025-07-07,305.55,boi_gordo
2025-07-08,305.6,boi_gordo
2025-07-09,305.0,boi_gordo
2025-07-10,299.7,boi_gordo
2025-07-11,299.7,boi_gordo
2025-07-14,299.25,boi_gordo
2025-07-15,300.6,boi_gordo
2025-07-16,298.5,boi_gordo
2025-07-17,298.5,boi_gordo
2025-07-18,296.75,boi_gordo
2025-07-21,293.9,boi_gordo
2025-07-22,296.1,boi_gordo
2025-07-23,296.1,boi_gordo
2025-07-24,294.45,boi_gordo
2025-07-25,291.8,boi_gordo
2025-07-28,292.65,boi_gordo
2025-07-29,294.5,boi_gordo
2025-07-30,294.2,boi_gordo
2025-07-31,294.35,boi_gordo
2025-08-01,294.35,boi_gordo
2025-08-04,298.95,boi_gordo
2025-08-05,301.0,boi_gordo
2025-08-06,304.3,boi_gordo
2025-08-07,305.3,boi_gordo
2025-08-08,305.6,boi_gordo
2025-08-11,305.6,boi_gordo
2025-08-12,309.85,boi_gordo
2025-08-13,308.7,boi_gordo
2025-08-14,308.9,boi_gordo
2025-08-15,308.3,boi_gordo
2025-08-18,307.05,boi_gordo
2025-08-19,307.75,boi_gordo
2025-08-20,310.55,boi_gordo
2025-08-21,310.75,boi_gordo
2025-08-22,310.55,boi_gordo
2025-08-25,310.55,boi_gordo
2025-08-26,310.95,boi_gordo
2025-08-27,311.35,boi_gordo
2025-08-28,311.4,boi_gordo
2025-08-29,310.5,boi_gordo
2025-09-01,310.5,boi_gordo
2025-09-02,313.65,boi_gordo
2025-09-03,313.4,boi_gordo
2025-09-04,313.4,boi_gordo
2025-09-05,312.1,boi_gordo
2025-09-08,312.25,boi_gordo
2025-09-09,311.7,boi_gordo
2025-09-10,311.65,boi_gordo
2025-09-11,310.75,boi_gordo
2025-09-12,310.75,boi_gordo
2025-09-15,307.9,boi_gordo
2025-09-16,307.05,boi_gordo
2025-09-17,305.1,boi_gordo
2025-09-18,305.2,boi_gordo
2025-09-19,304.1,boi_gordo
2025-09-22,304.45,boi_gordo
2025-09-23,304.45,boi_gordo
2025-09-24,301.8,boi_gordo
2025-09-25,302.0,boi_gordo
2025-09-26,302.95,boi_gordo
2025-09-29,303.95,boi_gordo
2025-09-30,304.1,boi_gordo
2025-10-01,305.6,boi_gordo
2025-10-02,305.8,boi_gordo
2025-10-03,307.35,boi_gordo
2025-10-06,307.35,boi_gordo
2025-10-07,306.5,boi_gordo
2025-10-08,307.6,boi_gordo
2025-10-09,307.95,boi_gordo
2025-10-10,307.95,boi_gordo
2025-10-13,308.3,boi_gordo
2025-10-14,308.7,boi_gordo
2025-10-15,309.15,boi_gordo
2025-10-16,309.15,boi_gordo
2025-10-17,309.7,boi_gordo
2025-10-20,310.2,boi_gordo
2025-10-21,310.9,boi_gordo
2025-10-22,311.4,boi_gordo
2025-10-23,311.4,boi_gordo
2025-10-24,313.15,boi_gordo
2025-10-27,313.35,boi_gordo
2025-10-28,314.65,boi_gordo
2025-10-29,317.9,boi_gordo
2025-10-30,318.85,boi_gordo
2025-10-31,318.85,boi_gordo
2025-11-03,320.2,boi_gordo
2025-11-04,322.55,boi_gordo
2025-11-05,323.4,boi_gordo
2025-11-06,323.7,boi_gordo
2025-11-07,323.7,boi_gordo
2025-11-10,322.65,boi_gordo
2025-11-11,322.15,boi_gordo
2025-11-12,321.85,boi_gordo
2025-11-13,322.45,boi_gordo
2025-11-14,322.65,boi_gordo
2025-11-17,321.35,boi_gordo
2025-11-18,321.25,boi_gordo
2025-11-19,321.5,boi_gordo
2025-11-21,322.45,boi_gordo
2025-11-24,322.45,boi_gordo
2025-11-25,321.25,boi_gordo
2025-11-26,321.1,boi_gordo
2025-11-27,321.3,boi_gordo
2025-11-28,321.6,boi_gordo
2025-12-01,321.6,boi_gordo
2025-12-02,321.75,boi_gordo
2025-12-03,321.2,boi_gordo
2025-12-04,322.05,boi_gordo
2025-12-05,322.1,boi_gordo
2025-12-08,322.1,boi_gordo
2025-12-09,322.5,boi_gordo
2025-12-10,320.9,boi_gordo
2025-12-11,320.9,boi_gordo
2025-12-12,320.8,boi_gordo
2025-12-15,321.15,boi_gordo
2025-12-16,319.25,boi_gordo
2025-12-17,319.2,boi_gordo
2025-12-18,318.0,boi_gordo
2025-12-19,318.0,boi_gordo
2025-12-22,317.85,boi_gordo
2025-12-23,319.5,boi_gordo
2025-12-26,319.5,boi_gordo
2025-12-29,318.0,boi_gordo
2025-12-30,319.2,boi_gordo
2026-01-02,319.2,boi_gordo
2026-01-05,318.5,boi_gordo
2026-01-06,318.65,boi_gordo
2026-01-07,318.15,boi_gordo
2026-01-08,319.3,boi_gordo
2026-01-09,319.4,boi_gordo
2026-01-12,319.4,boi_gordo
2026-01-13,318.65,boi_gordo
2026-01-14,318.55,boi_gordo
2026-01-15,317.85,boi_gordo
2026-01-16,318.05,boi_gordo
2026-01-19,318.65,boi_gordo
2026-01-20,321.0,boi_gordo
2026-01-21,319.1,boi_gordo
2026-01-22,321.2,boi_gordo
2026-01-23,321.4,boi_gordo
2026-01-26,322.7,boi_gordo
2026-01-27,323.1,boi_gordo
2026-01-28,326.0,boi_gordo
2026-01-29,326.8,boi_gordo
2026-01-30,326.9,boi_gordo
2026-02-02,327.2,boi_gordo
2026-02-03,328.9,boi_gordo
2026-02-04,333.25,boi_gordo
2026-02-05,336.15,boi_gordo
2026-02-06,336.95,boi_gordo
2026-02-09,337.2,boi_gordo
2026-02-10,337.3,boi_gordo
2026-02-11,341.9,boi_gordo
2026-02-12,342.95,boi_gordo
2026-02-13,344.05,boi_gordo
2026-02-18,343.9,boi_gordo
2026-02-19,345.4,boi_gordo
2026-02-20,348.55,boi_gordo
2026-02-23,349.75,boi_gordo
2026-02-24,350.1,boi_gordo
2026-02-25,351.0,boi_gordo
2026-02-26,352.8,boi_gordo
2026-02-27,353.15,boi_gordo
2026-03-02,353.1,boi_gordo
2026-03-03,350.5,boi_gordo
2026-03-04,348.65,boi_gordo
2026-03-05,347.3,boi_gordo
2026-03-06,346.05,boi_gordo
2026-03-09,347.4,boi_gordo
2026-03-10,346.8,boi_gordo
2026-03-11,347.25,boi_gordo
2026-03-12,347.5,boi_gordo
2026-03-13,346.6,boi_gordo
2026-03-16,346.45,boi_gordo
2026-03-17,347.7,boi_gordo
2026-03-18,348.85,boi_gordo
2026-03-19,349.6,boi_gordo
2026-03-20,350.65,boi_gordo
2026-03-23,350.7,boi_gordo
2026-03-24,351.4,boi_gordo
2026-03-25,354.65,boi_gordo
2026-03-26,355.55,boi_gordo
2026-03-27,355.45,boi_gordo
2026-03-30,355.75,boi_gordo
2026-03-31,356.0,boi_gordo
