data;preco_rs;preco_usd;produto
2020-01-02;48,43;12,04;milho
2020-01-03;48,91;12,07;milho
2020-01-06;48,99;12,03;milho
2020-01-07;49,31;12,15;milho
2020-01-08;50,26;12,41;milho
2020-01-09;51,5;12,6;milho
2020-01-10;51,56;12,64;milho
2020-01-13;51,48;12,44;milho
2020-01-14;51,7;12,52;milho
2020-01-15;52,2;12,5;milho
2020-01-16;51,99;12,4;milho
2020-01-17;51,77;12,44;milho
2020-01-20;51,57;12,31;milho
2020-01-21;51,66;12,3;milho
2020-01-22;51,74;12,39;milho
2020-01-23;51,49;12,36;milho
2020-01-24;51,42;12,28;milho
2020-01-27;51,77;12,31;milho
2020-01-28;51,91;12,38;milho
2020-01-29;51,54;12,21;milho
2020-01-30;51,28;12,03;milho
2020-01-31;51,16;11,94;milho
2020-02-03;50,86;11,97;milho
2020-02-04;50,07;11,76;milho
2020-02-05;50,17;11,82;milho
2020-02-06;50,13;11,72;milho
2020-02-07;50,71;11,74;milho
2020-02-10;50,88;11,76;milho
2020-02-11;51,11;11,81;milho
2020-02-12;51,63;11,88;milho
2020-02-13;51,8;11,92;milho
2020-02-14;52,13;12,12;milho
2020-02-17;52,27;12,08;milho
2020-02-18;52,25;11,99;milho
2020-02-19;52,42;12,0;milho
2020-02-20;52,27;11,92;milho
2020-02-21;52,32;11,92;milho
2020-02-26;52,87;11,91;milho
2020-02-27;53,3;11,92;milho
2020-02-28;53,25;11,85;milho
2020-03-02;53,55;11,94;milho
2020-03-03;53,81;11,93;milho
2020-03-04;54,18;11,83;milho
2020-03-05;54,69;11,77;milho
2020-03-06;55,3;11,95;milho
2020-03-09;55,55;11,71;milho
2020-03-10;55,83;12,02;milho
2020-03-11;56,77;11,99;milho
2020-03-12;57,59;11,95;milho
2020-03-13;57,58;11,87;milho
2020-03-16;58,16;11,56;milho
2020-03-17;58,41;11,68;milho
2020-03-18;57,75;11,05;milho
2020-03-19;58,27;11,43;milho
2020-03-20;59,04;11,69;milho
2020-03-23;58,62;11,41;milho
2020-03-24;59,55;11,69;milho
2020-03-25;59,49;11,87;milho
2020-03-26;59,21;11,83;milho
2020-03-27;59,5;11,76;milho
2020-03-30;60,08;11,61;milho
2020-03-31;60,14;11,57;milho
2020-04-01;59,33;11,28;milho
2020-04-02;58,87;11,18;milho
2020-04-03;58,49;11,0;milho
2020-04-06;57,83;10,91;milho
2020-04-07;57,47;11,02;milho
2020-04-08;56,46;10,96;milho
2020-04-09;56,41;11,06;milho
2020-04-13;56,19;10,85;milho
2020-04-14;53,79;10,37;milho
2020-04-15;52,2;9,97;milho
2020-04-16;52,02;9,89;milho
2020-04-17;51,55;9,83;milho
2020-04-20;50,74;9,56;milho
2020-04-22;48,65;9,0;milho
2020-04-23;48,18;8,75;milho
2020-04-24;47,6;8,39;milho
2020-04-27;47,96;8,4;milho
2020-04-28;47,94;8,72;milho
2020-04-29;48,38;9,03;milho
2020-04-30;48,35;8,88;milho
2020-05-04;48,83;8,82;milho
2020-05-05;48,78;8,71;milho
2020-05-06;49,25;8,64;milho
2020-05-07;49,91;8,52;milho
2020-05-08;49,76;8,66;milho
2020-05-11;50,01;8,57;milho
2020-05-12;50,11;8,55;milho
2020-05-13;50,91;8,61;milho
2020-05-14;50,61;8,67;milho
2020-05-15;50,57;8,67;milho
2020-05-18;50,23;8,79;milho
2020-05-19;50,06;8,73;milho
2020-05-20;50,08;8,82;milho
2020-05-21;50,51;9,06;milho
2020-05-22;50,49;9,05;milho
2020-05-25;51,14;9,38;milho
2020-05-26;50,29;9,42;milho
2020-05-27;50,54;9,55;milho
2020-05-28;50,06;9,33;milho
2020-05-29;50,19;9,4;milho
2020-06-01;49,74;9,25;milho
2020-06-02;49,6;9,5;milho
2020-06-03;48,94;9,66;milho
2020-06-04;48,66;9,51;milho
2020-06-05;48,2;9,7;milho
2020-06-08;47,53;9,76;milho
2020-06-09;47,34;9,71;milho
2020-06-10;46,81;9,52;milho
2020-06-12;46,92;9,27;milho
2020-06-15;46,96;9,12;milho
2020-06-16;46,87;8,97;milho
2020-06-17;46,85;8,9;milho
2020-06-18;47,13;8,75;milho
2020-06-19;47,15;8,89;milho
2020-06-22;47,56;9,03;milho
2020-06-23;46,97;9,13;milho
2020-06-24;47,18;8,88;milho
2020-06-25;47,49;8,92;milho
2020-06-26;48,15;8,81;milho
2020-06-29;48,28;8,88;milho
2020-06-30;48,53;8,92;milho
2020-07-01;49,51;9,32;milho
2020-07-02;49,79;9,3;milho
2020-07-03;49,65;9,34;milho
2020-07-06;49,93;9,35;milho
2020-07-07;49,94;9,28;milho
2020-07-08;50,37;9,42;milho
2020-07-09;50,31;9,43;milho
2020-07-10;50,23;9,44;milho
2020-07-13;49,78;9,27;milho
2020-07-14;49,83;9,33;milho
2020-07-15;49,4;9,18;milho
2020-07-16;49,01;9,2;milho
2020-07-17;49,43;9,18;milho
2020-07-20;49,5;9,28;milho
2020-07-21;49,62;9,55;milho
2020-07-22;48,54;9,48;milho
2020-07-23;48,83;9,38;milho
2020-07-24;49,25;9,46;milho
2020-07-27;49,73;9,62;milho
2020-07-28;49,4;9,59;milho
2020-07-29;49,79;9,63;milho
2020-07-30;50,47;9,79;milho
2020-07-31;50,79;9,74;milho
2020-08-03;51,29;9,62;milho
2020-08-04;51,97;9,81;milho
2020-08-05;52,14;9,84;milho
2020-08-06;52,59;9,82;milho
2020-08-07;52,72;9,73;milho
2020-08-10;53,59;9,82;milho
2020-08-11;54,28;10,04;milho
2020-08-12;54,78;10,04;milho
2020-08-13;55,16;10,27;milho
2020-08-14;55,51;10,22;milho
2020-08-17;55,99;10,17;milho
2020-08-18;57,63;10,54;milho
2020-08-19;58,64;10,62;milho
2020-08-20;59,01;10,62;milho
2020-08-21;59,6;10,63;milho
2020-08-24;59,93;10,7;milho
2020-08-25;60,41;10,94;milho
2020-08-26;60,7;10,84;milho
2020-08-27;60,87;10,93;milho
2020-08-28;60,97;11,27;milho
2020-08-31;61,25;11,18;milho
2020-09-01;60,92;11,31;milho
2020-09-02;60,36;11,27;milho
2020-09-03;59,11;11,17;milho
2020-09-04;59,06;11,13;milho
2020-09-08;58,64;10,94;milho
2020-09-09;58,15;10,99;milho
2020-09-10;58,38;10,98;milho
2020-09-11;58,99;11,06;milho
2020-09-14;59,7;11,31;milho
2020-09-15;58,97;11,16;milho
2020-09-16;58,88;11,24;milho
2020-09-17;58,48;11,16;milho
2020-09-18;58,48;10,9;milho
2020-09-21;59,19;10,95;milho
2020-09-22;59,91;10,96;milho
2020-09-23;60,95;10,93;milho
2020-09-24;61,28;11,11;milho
2020-09-25;62,45;11,26;milho
2020-09-28;62,42;11,08;milho
2020-09-29;63,28;11,23;milho
2020-09-30;63,63;11,33;milho
2020-10-01;64,22;11,36;milho
2020-10-02;64,75;11,45;milho
2020-10-05;65,36;11,75;milho
2020-10-06;65,48;11,69;milho
2020-10-07;67,26;11,97;milho
2020-10-08;67,55;12,09;milho
2020-10-09;68,12;12,31;milho
2020-10-13;69,09;12,4;milho
2020-10-14;69,53;12,41;milho
2020-10-15;70,3;12,53;milho
2020-10-16;70,72;12,53;milho
2020-10-19;71,49;12,76;milho
2020-10-20;73,33;13,1;milho
2020-10-21;75,39;13,45;milho
2020-10-22;77,33;13,81;milho
2020-10-23;78,82;14,01;milho
2020-10-26;79,67;14,16;milho
2020-10-27;81,48;14,36;milho
2020-10-28;82,67;14,4;milho
2020-10-29;82,55;14,35;milho
2020-10-30;81,89;14,25;milho
2020-11-03;80,77;14,05;milho
2020-11-04;81,41;14,38;milho
2020-11-05;81,27;14,65;milho
2020-11-06;81,32;15,09;milho
2020-11-09;80,91;14,94;milho
2020-11-10;80,19;14,91;milho
2020-11-11;80,58;14,88;milho
2020-11-12;80,55;14,74;milho
2020-11-13;80,74;14,74;milho
2020-11-16;80,54;14,83;milho
2020-11-17;80,92;15,16;milho
2020-11-18;80,44;15,05;milho
2020-11-19;80,02;15,06;milho
2020-11-20;80,21;14,93;milho
2020-11-23;80,06;14,72;milho
2020-11-24;79,67;14,8;milho
2020-11-25;79,77;15,0;milho
2020-11-26;79,31;14,88;milho
2020-11-27;79,27;14,88;milho
2020-11-30;78,31;14,63;milho
2020-12-01;77,17;14,74;milho
2020-12-02;76,44;14,57;milho
2020-12-03;75,47;14,69;milho
2020-12-04;74,69;14,56;milho
2020-12-07;73,84;14,53;milho
2020-12-08;73,42;14,31;milho
2020-12-09;73,61;14,2;milho
2020-12-10;73,46;14,58;milho
2020-12-11;73,1;14,47;milho
2020-12-14;73,31;14,35;milho
2020-12-15;73,84;14,51;milho
2020-12-16;74,85;14,6;milho
2020-12-17;74,11;14,6;milho
2020-12-18;74,22;14,59;milho
2020-12-21;75,1;14,66;milho
2020-12-22;77,34;14,97;milho
2020-12-23;77,6;14,93;milho
2020-12-28;78,02;14,89;milho
2020-12-29;78,45;15,13;milho
2020-12-30;78,65;15,17;milho
2021-01-04;81,79;15,55;milho
2021-01-05;81,62;15,51;milho
2021-01-06;82,31;15,58;milho
2021-01-07;82,65;15,34;milho
2021-01-08;82,6;15,25;milho
2021-01-11;82,64;15,05;milho
2021-01-12;83,32;15,62;milho
2021-01-13;83,87;15,82;milho
2021-01-14;84,28;16,2;milho
2021-01-15;84,52;15,99;milho
2021-01-18;84,96;16,05;milho
2021-01-19;85,22;15,93;milho
2021-01-20;85,44;16,06;milho
2021-01-21;85,03;15,88;milho
2021-01-22;84,43;15,43;milho
2021-01-25;83,87;15,23;milho
2021-01-26;83,97;15,76;milho
2021-01-27;83,83;15,53;milho
2021-01-28;83,25;15,31;milho
2021-01-29;83,34;15,2;milho
2021-02-01;83,95;15,4;milho
2021-02-02;83,03;15,5;milho
2021-02-03;83,09;15,5;milho
2021-02-04;83,02;15,22;milho
2021-02-05;82,78;15,37;milho
2021-02-08;82,69;15,39;milho
2021-02-09;83,39;15,49;milho
2021-02-10;83,16;15,46;milho
2021-02-11;83,19;15,43;milho
2021-02-12;83,4;15,51;milho
2021-02-17;83,8;15,46;milho
2021-02-18;84,06;15,45;milho
2021-02-19;84,35;15,6;milho
2021-02-22;84,89;15,6;milho
2021-02-23;85,08;15,61;milho
2021-02-24;85,19;15,68;milho
2021-02-25;85,59;15,55;milho
2021-02-26;85,41;15,3;milho
2021-03-01;85,59;15,29;milho
2021-03-02;86,11;15,2;milho
2021-03-03;87,06;15,14;milho
2021-03-04;88,59;15,64;milho
2021-03-05;89,07;15,64;milho
2021-03-08;89,63;15,54;milho
2021-03-09;89,88;15,53;milho
2021-03-10;91,59;16,19;milho
2021-03-11;91,72;16,57;milho
2021-03-12;91,73;16,49;milho
2021-03-15;92,17;16,33;milho
2021-03-16;93,21;16,61;milho
2021-03-17;93,44;16,74;milho
2021-03-18;93,3;16,78;milho
2021-03-19;93,85;17,1;milho
2021-03-22;93,27;16,92;milho
2021-03-23;92,56;16,79;milho
2021-03-24;93,03;16,57;milho
2021-03-25;93,31;16,47;milho
2021-03-26;93,4;16,25;milho
2021-03-29;94,4;16,37;milho
2021-03-30;94,22;16,39;milho
2021-03-31;93,71;16,66;milho
2021-04-01;93,9;16,46;milho
2021-04-05;94,04;16,58;milho
2021-04-06;94,7;16,92;milho
2021-04-07;95,32;16,87;milho
2021-04-08;95,49;17,13;milho
2021-04-09;95,37;16,8;milho
2021-04-12;95,93;16,76;milho
2021-04-13;96,57;16,94;milho
2021-04-14;96,92;17,08;milho
2021-04-15;97,64;17,36;milho
2021-04-16;97,88;17,52;milho
2021-04-19;97,91;17,6;milho
2021-04-20;97,78;17,6;milho
2021-04-22;97,98;17,94;milho
2021-04-23;98,7;17,96;milho
2021-04-26;99,28;18,19;milho
2021-04-27;98,88;18,09;milho
2021-04-28;99,25;18,5;milho
2021-04-29;99,78;18,64;milho
2021-04-30;99,76;18,36;milho
2021-05-03;99,84;18,41;milho
2021-05-04;99,79;18,37;milho
2021-05-05;100,24;18,68;milho
2021-05-06;100,9;19,11;milho
2021-05-07;101,56;19,45;milho
2021-05-10;101,23;19,35;milho
2021-05-11;101,4;19,41;milho
2021-05-12;102,39;19,33;milho
2021-05-13;101,79;19,21;milho
2021-05-14;101,34;19,23;milho
2021-05-17;101,08;19,2;milho
2021-05-18;103,23;19,68;milho
2021-05-19;102,72;19,33;milho
2021-05-20;102,06;19,35;milho
2021-05-21;101,93;19,06;milho
2021-05-24;101,12;19,0;milho
2021-05-25;98,66;18,49;milho
2021-05-26;96,83;18,24;milho
2021-05-27;97,69;18,6;milho
2021-05-28;99,24;19,02;milho
2021-05-31;100,07;19,15;milho
2021-06-01;99,23;19,24;milho
2021-06-02;98,67;19,38;milho
2021-06-04;98,63;19,59;milho
2021-06-07;97,04;19,27;milho
2021-06-08;96,57;19,17;milho
2021-06-09;95,72;18,88;milho
2021-06-10;95,21;18,8;milho
2021-06-11;94,88;18,53;milho
2021-06-14;94,29;18,59;milho
2021-06-15;93,27;18,5;milho
2021-06-16;91,6;18,16;milho
2021-06-17;89,56;17,83;milho
2021-06-18;89,87;17,73;milho
2021-06-21;88,52;17,63;milho
2021-06-22;87,72;17,67;milho
2021-06-23;87,27;17,58;milho
2021-06-24;86,25;17,58;milho
2021-06-25;86,27;17,42;milho
2021-06-28;86,63;17,59;milho
2021-06-29;87,14;17,65;milho
2021-06-30;89,57;18,01;milho
2021-07-01;91,25;18,08;milho
2021-07-02;92,1;18,24;milho
2021-07-05;93,6;18,41;milho
2021-07-06;94,44;18,16;milho
2021-07-07;95,17;18,18;milho
2021-07-08;95,93;18,26;milho
2021-07-09;96,21;18,36;milho
2021-07-12;96,24;18,62;milho
2021-07-13;96,43;18,65;milho
2021-07-14;97,19;19,16;milho
2021-07-15;98,01;19,12;milho
2021-07-16;97,34;19,01;milho
2021-07-19;97,48;18,55;milho
2021-07-20;97,49;18,68;milho
2021-07-21;98,54;19,01;milho
2021-07-22;99,19;19,04;milho
2021-07-23;99,99;19,17;milho
2021-07-26;100,63;19,45;milho
2021-07-27;101,6;19,62;milho
2021-07-28;102,44;20,03;milho
2021-07-29;101,93;20,08;milho
2021-07-30;101,4;19,51;milho
2021-08-02;101,47;19,65;milho
2021-08-03;100,96;19,48;milho
2021-08-04;100,21;19,31;milho
2021-08-05;100,31;19,28;milho
2021-08-06;99,1;18,91;milho
2021-08-09;99,45;18,99;milho
2021-08-10;98,16;18,88;milho
2021-08-11;98,35;18,81;milho
2021-08-12;98,97;18,84;milho
2021-08-13;99,87;19,05;milho
2021-08-16;99,89;18,9;milho
2021-08-17;99,4;18,87;milho
2021-08-18;99,32;18,53;milho
2021-08-19;99,02;18,28;milho
2021-08-20;98,79;18,37;milho
2021-08-23;98,21;18,28;milho
2021-08-24;97,59;18,56;milho
2021-08-25;97,49;18,71;milho
2021-08-26;97,06;18,49;milho
2021-08-27;95,84;18,45;milho
2021-08-30;95,82;18,47;milho
2021-08-31;94,76;18,31;milho
2021-09-01;93,72;18,11;milho
2021-09-02;93,0;17,94;milho
2021-09-03;92,26;17,8;milho
2021-09-06;92,5;17,87;milho
2021-09-08;92,32;17,38;milho
2021-09-09;92,15;17,36;milho
2021-09-10;93,53;17,76;milho
2021-09-13;93,71;17,91;milho
2021-09-14;93,6;17,79;milho
2021-09-15;93,43;17,82;milho
2021-09-16;93,71;17,76;milho
2021-09-17;93,67;17,73;milho
2021-09-20;92,81;17,34;milho
2021-09-21;92,08;17,43;milho
2021-09-22;91,59;17,28;milho
2021-09-23;90,83;17,11;milho
2021-09-24;90,47;16,92;milho
2021-09-27;91,18;16,95;milho
2021-09-28;91,42;16,84;milho
2021-09-29;91,45;16,85;milho
2021-09-30;91,83;16,89;milho
2021-10-01;91,76;17,11;milho
2021-10-04;92,03;16,88;milho
2021-10-05;92,22;16,86;milho
2021-10-06;91,98;16,76;milho
2021-10-07;91,12;16,56;milho
2021-10-08;91,03;16,52;milho
2021-10-11;91,02;16,45;milho
2021-10-13;90,39;16,4;milho
2021-10-14;90,13;16,33;milho
2021-10-15;90,18;16,52;milho
2021-10-18;89,89;16,3;milho
2021-10-19;90,21;16,15;milho
2021-10-20;89,56;16,15;milho
2021-10-21;88,99;15,74;milho
2021-10-22;89,27;15,83;milho
2021-10-25;89,18;16,08;milho
2021-10-26;88,27;15,86;milho
2021-10-27;87,5;15,71;milho
2021-10-28;86,89;15,44;milho
2021-10-29;86,84;15,38;milho
2021-11-01;86,97;15,34;milho
2021-11-03;87,16;15,58;milho
2021-11-04;86,4;15,39;milho
2021-11-05;86,61;15,72;milho
2021-11-08;85,69;15,44;milho
2021-11-09;84,93;15,49;milho
2021-11-10;84,51;15,38;milho
2021-11-11;83,59;15,49;milho
2021-11-12;82,75;15,17;milho
2021-11-16;82,74;15,07;milho
2021-11-17;82,45;14,92;milho
2021-11-18;82,34;14,79;milho
2021-11-19;82,84;14,78;milho
2021-11-22;82,81;14,81;milho
2021-11-23;83,26;14,85;milho
2021-11-24;83,59;14,94;milho
2021-11-25;83,63;15,03;milho
2021-11-26;83,72;14,95;milho
2021-11-29;83,44;14,86;milho
2021-11-30;84,46;14,96;milho
2021-12-01;84,98;15,0;milho
2021-12-02;86,22;15,26;milho
2021-12-03;86,86;15,3;milho
2021-12-06;86,12;15,15;milho
2021-12-07;87,58;15,59;milho
2021-12-08;87,55;15,81;milho
2021-12-09;87,54;15,69;milho
2021-12-10;88,06;15,69;milho
2021-12-13;88,1;15,53;milho
2021-12-14;87,75;15,42;milho
2021-12-15;87,56;15,3;milho
2021-12-16;87,39;15,4;milho
2021-12-17;87,18;15,34;milho
2021-12-20;87,57;15,26;milho
2021-12-21;88,61;15,45;milho
2021-12-22;88,69;15,64;milho
2021-12-23;89,81;15,86;milho
2021-12-27;89,99;15,97;milho
2021-12-28;90,34;16,03;milho
2021-12-29;90,37;15,87;milho
2021-12-30;90,35;16,21;milho
2022-01-03;92,01;16,25;milho
2022-01-04;92,72;16,3;milho
2022-01-05;92,81;16,3;milho
2022-01-06;93,28;16,41;milho
2022-01-07;93,52;16,6;milho
2022-01-10;94,43;16,65;milho
2022-01-11;95,13;17,05;milho
2022-01-12;95,27;17,21;milho
2022-01-13;96,5;17,48;milho
2022-01-14;96,77;17,52;milho
2022-01-17;97,16;17,59;milho
2022-01-18;97,39;17,53;milho
2022-01-19;97,7;17,88;milho
2022-01-20;98,13;18,14;milho
2022-01-21;98,33;18,02;milho
2022-01-24;97,93;17,8;milho
2022-01-25;97,76;17,97;milho
2022-01-26;97,9;18,11;milho
2022-01-27;97,37;17,94;milho
2022-01-28;97,4;18,06;milho
2022-01-31;97,42;18,37;milho
2022-02-01;97,4;18,48;milho
2022-02-02;97,14;18,38;milho
2022-02-03;96,82;18,29;milho
2022-02-04;97,13;18,24;milho
2022-02-07;96,97;18,44;milho
2022-02-08;97,14;18,49;milho
2022-02-09;96,93;18,57;milho
2022-02-10;97,08;18,58;milho
2022-02-11;97,05;18,57;milho
2022-02-14;95,98;18,4;milho
2022-02-15;96,55;18,63;milho
2022-02-16;96,53;18,82;milho
2022-02-17;96,51;18,67;milho
2022-02-18;96,49;18,78;milho
2022-02-21;96,52;18,9;milho
2022-02-22;96,8;19,11;milho
2022-02-23;96,85;19,36;milho
2022-02-24;96,89;18,93;milho
2022-02-25;97,34;18,92;milho
2022-03-02;97,2;19,02;milho
2022-03-03;97,72;19,45;milho
2022-03-04;98,15;19,32;milho
2022-03-07;100,19;19,73;milho
2022-03-08;101,36;20,05;milho
2022-03-09;101,25;20,21;milho
2022-03-10;101,42;20,21;milho
2022-03-11;103,57;20,5;milho
2022-03-14;103,9;20,26;milho
2022-03-15;103,87;20,15;milho
2022-03-16;103,74;20,32;milho
2022-03-17;103,57;20,56;milho
2022-03-18;102,59;20,46;milho
2022-03-21;102,63;20,72;milho
2022-03-22;101,29;20,59;milho
2022-03-23;99,93;20,65;milho
2022-03-24;99,2;20,55;milho
2022-03-25;96,98;20,41;milho
2022-03-28;96,16;20,16;milho
2022-03-29;92,77;19,49;milho
2022-03-30;92,7;19,38;milho
2022-03-31;93,09;19,55;milho
2022-04-01;92,04;19,71;milho
2022-04-04;91,55;19,85;milho
2022-04-05;90,19;19,37;milho
2022-04-06;89,46;18,95;milho
2022-04-07;89,06;18,77;milho
2022-04-08;89,02;18,92;milho
2022-04-11;88,9;18,98;milho
2022-04-12;88,17;18,85;milho
2022-04-13;87,56;18,69;milho
2022-04-14;87,3;18,61;milho
2022-04-18;87,63;18,81;milho
2022-04-19;88,03;18,84;milho
2022-04-20;87,87;19,0;milho
2022-04-22;87,93;18,33;milho
2022-04-25;88,71;18,2;milho
2022-04-26;88,51;17,74;milho
2022-04-27;88,21;17,77;milho
2022-04-28;88,38;17,9;milho
2022-04-29;88,25;17,83;milho
2022-05-02;87,87;17,34;milho
2022-05-03;87,6;17,64;milho
2022-05-04;87,55;17,83;milho
2022-05-05;87,41;17,38;milho
2022-05-06;86,63;17,08;milho
2022-05-09;86,15;16,71;milho
2022-05-10;85,83;16,75;milho
2022-05-11;86,08;16,75;milho
2022-05-12;86,4;16,79;milho
2022-05-13;86,54;17,12;milho
2022-05-16;87,97;17,44;milho
2022-05-17;89,09;18,03;milho
2022-05-18;89,28;17,9;milho
2022-05-19;89,23;18,16;milho
2022-05-20;88,48;18,17;milho
2022-05-23;88,03;18,29;milho
2022-05-24;87,43;18,13;milho
2022-05-25;87,33;18,15;milho
2022-05-26;86,99;18,27;milho
2022-05-27;86,9;18,34;milho
2022-05-30;86,84;18,28;milho
2022-05-31;86,25;18,15;milho
2022-06-01;85,8;17,88;milho
2022-06-02;85,52;17,84;milho
2022-06-03;85,07;17,78;milho
2022-06-06;84,8;17,66;milho
2022-06-07;85,56;17,56;milho
2022-06-08;85,86;17,59;milho
2022-06-09;85,85;17,48;milho
2022-06-10;85,42;17,15;milho
2022-06-13;85,41;16,67;milho
2022-06-14;86,42;16,81;milho
2022-06-15;86,25;17,16;milho
2022-06-17;86,32;16,79;milho
2022-06-20;87,42;16,86;milho
2022-06-21;87,15;16,92;milho
2022-06-22;87,04;16,84;milho
2022-06-23;85,92;16,43;milho
2022-06-24;85,65;16,29;milho
2022-06-27;84,75;16,21;milho
2022-06-28;83,9;15,93;milho
2022-06-29;84,85;16,33;milho
2022-06-30;83,55;15,97;milho
2022-07-01;83,16;15,63;milho
2022-07-04;83,24;15,63;milho
2022-07-05;82,6;15,32;milho
2022-07-06;82,19;15,18;milho
2022-07-07;81,68;15,28;milho
2022-07-08;81,5;15,48;milho
2022-07-11;82,36;15,34;milho
2022-07-12;83,12;15,29;milho
2022-07-13;82,73;15,3;milho
2022-07-14;82,58;15,2;milho
2022-07-15;82,46;15,25;milho
2022-07-18;82,36;15,19;milho
2022-07-19;81,67;15,07;milho
2022-07-20;81,41;14,91;milho
2022-07-21;80,85;14,72;milho
2022-07-22;80,06;14,55;milho
2022-07-25;80,2;14,92;milho
2022-07-26;81,27;15,18;milho
2022-07-27;81,4;15,51;milho
2022-07-28;81,78;15,84;milho
2022-07-29;82,93;16,02;milho
2022-08-01;82,64;15,94;milho
2022-08-02;82,58;15,64;milho
2022-08-03;82,41;15,62;milho
2022-08-04;82,24;15,76;milho
2022-08-05;81,91;15,85;milho
2022-08-08;82,05;16,04;milho
2022-08-09;81,63;15,89;milho
2022-08-10;82,76;16,25;milho
2022-08-11;81,94;15,87;milho
2022-08-12;81,55;16,09;milho
2022-08-15;81,41;15,98;milho
2022-08-16;82,11;15,95;milho
2022-08-17;82,77;16,0;milho
2022-08-18;82,1;15,87;milho
2022-08-19;82,16;15,88;milho
2022-08-22;81,9;15,87;milho
2022-08-23;82,69;16,21;milho
2022-08-24;82,77;16,2;milho
2022-08-25;83,31;16,25;milho
2022-08-26;83,6;16,48;milho
2022-08-29;83,8;16,67;milho
2022-08-30;83,73;16,39;milho
2022-08-31;83,94;16,14;milho
2022-09-01;83,66;15,98;milho
2022-09-02;83,39;16,11;milho
2022-09-05;83,26;16,16;milho
2022-09-06;83,54;15,94;milho
2022-09-08;83,25;15,98;milho
2022-09-09;83,43;16,2;milho
2022-09-12;83,95;16,49;milho
2022-09-13;83,72;16,13;milho
2022-09-14;84,28;16,27;milho
2022-09-15;84,55;16,13;milho
2022-09-16;84,35;16,04;milho
2022-09-19;84,02;16,27;milho
2022-09-20;84,21;16,32;milho
2022-09-21;84,24;16,3;milho
2022-09-22;84,56;16,54;milho
2022-09-23;84,54;16,1;milho
2022-09-26;84,58;15,69;milho
2022-09-27;84,72;15,75;milho
2022-09-28;84,25;15,76;milho
2022-09-29;84,24;15,61;milho
2022-09-30;84,42;15,7;milho
2022-10-03;84,14;16,25;milho
2022-10-04;83,27;16,09;milho
2022-10-05;82,91;16,02;milho
2022-10-06;83,04;15,96;milho
2022-10-07;83,05;15,89;milho
2022-10-10;83,5;16,11;milho
2022-10-11;83,86;15,91;milho
2022-10-13;84,42;15,99;milho
2022-10-14;84,67;15,89;milho
2022-10-17;84,86;16,03;milho
2022-10-18;85,38;16,23;milho
2022-10-19;85,41;16,2;milho
2022-10-20;85,21;16,31;milho
2022-10-21;85,28;16,57;milho
2022-10-24;85,08;16,09;milho
2022-10-25;84,91;15,98;milho
2022-10-26;85,12;15,84;milho
2022-10-27;85,35;16,11;milho
2022-10-28;85,69;16,12;milho
2022-10-31;85,35;16,5;milho
2022-11-01;85,11;16,65;milho
2022-11-03;84,76;16,58;milho
2022-11-04;84,95;16,87;milho
2022-11-07;85,19;16,52;milho
2022-11-08;85,3;16,5;milho
2022-11-09;84,76;16,37;milho
2022-11-10;84,48;15,65;milho
2022-11-11;83,74;15,68;milho
2022-11-14;84,0;15,76;milho
2022-11-16;83,69;15,54;milho
2022-11-17;84,06;15,48;milho
2022-11-18;84,77;15,8;milho
2022-11-21;85,08;16,02;milho
2022-11-22;85,19;15,83;milho
2022-11-23;85,51;15,92;milho
2022-11-24;85,87;16,16;milho
2022-11-25;85,48;15,8;milho
2022-11-28;85,96;16,02;milho
2022-11-29;85,76;16,21;milho
2022-11-30;86,2;16,55;milho
2022-12-01;86,0;16,52;milho
2022-12-02;86,03;16,47;milho
2022-12-05;85,54;16,2;milho
2022-12-06;86,1;16,34;milho
2022-12-07;86,19;16,54;milho
2022-12-08;85,9;16,48;milho
2022-12-09;86,08;16,43;milho
2022-12-12;86,15;16,18;milho
2022-12-13;86,0;16,18;milho
2022-12-14;85,79;16,12;milho
2022-12-15;85,91;16,14;milho
2022-12-16;86,44;16,32;milho
2022-12-19;86,05;16,21;milho
2022-12-20;85,98;16,51;milho
2022-12-21;85,82;16,51;milho
2022-12-22;85,58;16,53;milho
2022-12-23;85,8;16,61;milho
2022-12-26;85,79;16,47;milho
2022-12-27;86,61;16,39;milho
2022-12-28;86,42;16,45;milho
2022-12-29;86,07;16,3;milho
2023-01-02;86,09;16,06;milho
2023-01-03;86,07;15,8;milho
2023-01-04;86,35;15,83;milho
2023-01-05;87,72;16,36;milho
2023-01-06;87,5;16,69;milho
2023-01-09;87,27;16,61;milho
2023-01-10;87,33;16,79;milho
2023-01-11;87,19;16,81;milho
2023-01-12;86,86;17,05;milho
2023-01-13;86,87;17,05;milho
2023-01-16;86,39;16,77;milho
2023-01-17;86,19;16,87;milho
2023-01-18;85,9;16,65;milho
2023-01-19;85,38;16,5;milho
2023-01-20;85,33;16,4;milho
2023-01-23;85,43;16,44;milho
2023-01-24;85,17;16,55;milho
2023-01-25;85,22;16,79;milho
2023-01-26;84,88;16,73;milho
2023-01-27;84,74;16,58;milho
2023-01-30;84,95;16,62;milho
2023-01-31;85,49;16,83;milho
2023-02-01;85,76;16,85;milho
2023-02-02;85,04;16,89;milho
2023-02-03;84,98;16,54;milho
2023-02-06;85,12;16,45;milho
2023-02-07;84,87;16,32;milho
2023-02-08;84,9;16,36;milho
2023-02-09;85,96;16,31;milho
2023-02-10;86,03;16,47;milho
2023-02-13;85,86;16,57;milho
2023-02-14;86,26;16,59;milho
2023-02-15;86,06;16,5;milho
2023-02-16;86,24;16,52;milho
2023-02-17;85,73;16,61;milho
2023-02-22;86,06;16,65;milho
2023-02-23;86,22;16,8;milho
2023-02-24;85,83;16,49;milho
2023-02-27;86,4;16,63;milho
2023-02-28;86,08;16,49;milho
2023-03-01;86,11;16,57;milho
2023-03-02;86,36;16,59;milho
2023-03-03;86,22;16,59;milho
2023-03-06;86,15;16,68;milho
2023-03-07;85,84;16,54;milho
2023-03-08;86,03;16,73;milho
2023-03-09;85,47;16,65;milho
2023-03-10;85,32;16,36;milho
2023-03-13;85,61;16,25;milho
2023-03-14;85,42;16,25;milho
2023-03-15;85,49;16,15;milho
2023-03-16;85,37;16,28;milho
2023-03-17;85,24;16,16;milho
2023-03-20;84,66;16,15;milho
2023-03-21;84,46;16,11;milho
2023-03-22;84,36;16,17;milho
2023-03-23;83,91;15,86;milho
2023-03-24;84,18;16,04;milho
2023-03-27;84,0;16,12;milho
2023-03-28;83,39;16,14;milho
2023-03-29;83,17;16,18;milho
2023-03-30;82,9;16,25;milho
2023-03-31;82,6;16,29;milho
2023-04-03;82,4;16,24;milho
2023-04-04;81,12;15,95;milho
2023-04-05;80,89;16,0;milho
2023-04-06;80,24;15,86;milho
2023-04-10;79,39;15,66;milho
2023-04-11;78,34;15,65;milho
2023-04-12;77,66;15,71;milho
2023-04-13;76,88;15,6;milho
2023-04-14;75,99;15,45;milho
2023-04-17;75,29;15,26;milho
2023-04-18;73,92;14,86;milho
2023-04-19;72,76;14,33;milho
2023-04-20;70,6;13,97;milho
2023-04-24;70,11;13,91;milho
2023-04-25;69,75;13,76;milho
2023-04-26;68,68;13,59;milho
2023-04-27;67,71;13,59;milho
2023-04-28;65,61;13,15;milho
2023-05-02;64,5;12,78;milho
2023-05-03;64,15;12,85;milho
2023-05-04;62,85;12,59;milho
2023-05-05;62,32;12,6;milho
2023-05-08;61,75;12,32;milho
2023-05-09;60,46;12,12;milho
2023-05-10;60,13;12,14;milho
2023-05-11;58,69;11,87;milho
2023-05-12;58,79;11,93;milho
2023-05-15;58,83;12,02;milho
2023-05-16;58,84;11,91;milho
2023-05-17;57,43;11,63;milho
2023-05-18;56,51;11,37;milho
2023-05-19;56,04;11,21;milho
2023-05-22;55,83;11,24;milho
2023-05-23;55,16;11,09;milho
2023-05-24;54,56;11,02;milho
2023-05-25;55,0;10,92;milho
2023-05-26;54,82;10,99;milho
2023-05-29;54,83;10,94;milho
2023-05-30;54,27;10,76;milho
2023-05-31;53,77;10,59;milho
2023-06-01;53,9;10,75;milho
2023-06-02;53,72;10,84;milho
2023-06-05;53,63;10,89;milho
2023-06-06;54,07;11,01;milho
2023-06-07;53,72;10,91;milho
2023-06-09;53,73;11,02;milho
2023-06-12;53,77;11,05;milho
2023-06-13;54,07;11,12;milho
2023-06-14;54,33;11,25;milho
2023-06-15;54,35;11,31;milho
2023-06-16;54,36;11,28;milho
2023-06-19;54,47;11,41;milho
2023-06-20;54,83;11,44;milho
2023-06-21;55,52;11,64;milho
2023-06-22;57,07;11,94;milho
2023-06-23;57,36;12,0;milho
2023-06-26;57,41;12,05;milho
2023-06-27;57,67;12,02;milho
2023-06-28;56,36;11,63;milho
2023-06-29;56,12;11,56;milho
2023-06-30;55,36;11,55;milho
2023-07-03;55,53;11,56;milho
2023-07-04;55,68;11,52;milho
2023-07-05;56,12;11,58;milho
2023-07-06;55,35;11,24;milho
2023-07-07;55,88;11,5;milho
2023-07-10;55,79;11,42;milho
2023-07-11;55,24;11,37;milho
2023-07-12;55,29;11,48;milho
2023-07-13;54,06;11,29;milho
2023-07-14;54,28;11,32;milho
2023-07-17;54,52;11,32;milho
2023-07-18;54,57;11,35;milho
2023-07-19;55,04;11,5;milho
2023-07-20;54,68;11,39;milho
2023-07-21;53,74;11,25;milho
2023-07-24;55,06;11,63;milho
2023-07-25;55,28;11,63;milho
2023-07-26;55,12;11,65;milho
2023-07-27;54,71;11,53;milho
2023-07-28;54,92;11,61;milho
2023-07-31;53,62;11,33;milho
2023-08-01;53,75;11,22;milho
2023-08-02;53,22;11,08;milho
2023-08-03;53,47;10,94;milho
2023-08-04;53,19;10,92;milho
2023-08-07;53,13;10,85;milho
2023-08-08;52,96;10,81;milho
2023-08-09;52,97;10,79;milho
2023-08-10;52,65;10,79;milho
2023-08-11;52,84;10,78;milho
2023-08-14;53,26;10,72;milho
2023-08-15;53,33;10,69;milho
2023-08-16;53,19;10,67;milho
2023-08-17;53,22;10,68;milho
2023-08-18;53,55;10,77;milho
2023-08-21;53,65;10,77;milho
2023-08-22;53,47;10,83;milho
2023-08-23;53,96;11,12;milho
2023-08-24;53,56;10,99;milho
2023-08-25;53,38;10,96;milho
2023-08-28;53,44;10,96;milho
2023-08-29;53,5;11,02;milho
2023-08-30;53,7;11,04;milho
2023-08-31;53,54;10,82;milho
2023-09-01;53,88;10,91;milho
2023-09-04;53,82;10,91;milho
2023-09-05;54,0;10,84;milho
2023-09-06;53,86;10,8;milho
2023-09-08;54,56;10,94;milho
2023-09-11;53,82;10,9;milho
2023-09-12;53,28;10,76;milho
2023-09-13;53,06;10,79;milho
2023-09-14;53,99;11,07;milho
2023-09-15;53,87;11,06;milho
2023-09-18;53,82;11,09;milho
2023-09-19;54,29;11,14;milho
2023-09-20;54,34;11,16;milho
2023-09-21;54,43;11,04;milho
2023-09-22;54,9;11,14;milho
2023-09-25;55,73;11,21;milho
2023-09-26;55,97;11,22;milho
2023-09-27;56,39;11,16;milho
2023-09-28;57,02;11,32;milho
2023-09-29;57,47;11,43;milho
2023-10-02;58,08;11,46;milho
2023-10-03;57,81;11,21;milho
2023-10-04;58,47;11,35;milho
2023-10-05;59,19;11,44;milho
2023-10-06;59,72;11,57;milho
2023-10-09;59,96;11,68;milho
2023-10-10;60,52;11,95;milho
2023-10-11;60,34;11,94;milho
2023-10-13;59,74;11,73;milho
2023-10-16;59,42;11,79;milho
2023-10-17;58,81;11,69;milho
2023-10-18;58,48;11,57;milho
2023-10-19;58,53;11,59;milho
2023-10-20;58,84;11,69;milho
2023-10-23;59,0;11,75;milho
2023-10-24;58,92;11,79;milho
2023-10-25;58,91;11,78;milho
2023-10-26;58,81;11,78;milho
2023-10-27;58,98;11,76;milho
2023-10-30;59,25;11,75;milho
2023-10-31;60,02;11,92;milho
2023-11-01;60,03;12,06;milho
2023-11-03;59,99;12,25;milho
2023-11-06;60,05;12,28;milho
2023-11-07;59,46;12,21;milho
2023-11-08;59,36;12,1;milho
2023-11-09;59,51;12,07;milho
2023-11-10;59,87;12,19;milho
2023-11-13;59,67;12,16;milho
2023-11-14;60,15;12,36;milho
2023-11-16;61,14;12,56;milho
2023-11-17;60,74;12,38;milho
2023-11-20;60,76;12,52;milho
2023-11-21;61,11;12,47;milho
2023-11-22;61,16;12,48;milho
2023-11-23;61,18;12,47;milho
2023-11-24;60,96;12,45;milho
2023-11-27;61,51;12,56;milho
2023-11-28;61,92;12,71;milho
2023-11-29;61,63;12,61;milho
2023-11-30;62,74;12,75;milho
2023-12-01;62,63;12,85;milho
2023-12-04;63,29;12,79;milho
2023-12-05;64,67;13,12;milho
2023-12-06;64,91;13,23;milho
2023-12-07;65,79;13,4;milho
2023-12-08;65,94;13,39;milho
2023-12-11;67,26;13,63;milho
2023-12-12;67,5;13,59;milho
2023-12-13;68,13;13,82;milho
2023-12-14;68,21;13,9;milho
2023-12-15;67,57;13,67;milho
2023-12-18;67,56;13,76;milho
2023-12-19;67,42;13,87;milho
2023-12-20;67,55;13,78;milho
2023-12-21;67,59;13,83;milho
2023-12-22;67,56;13,9;milho
2023-12-26;67,84;14,06;milho
2023-12-27;68,02;14,07;milho
2023-12-28;69,21;14,26;milho
2024-01-02;69,75;14,2;milho
2024-01-03;69,77;14,21;milho
2024-01-04;71,32;14,52;milho
2024-01-05;70,47;14,46;milho
2024-01-08;70,12;14,39;milho
2024-01-09;70,24;14,33;milho
2024-01-10;69,3;14,16;milho
2024-01-11;68,0;13,94;milho
2024-01-12;67,24;13,85;milho
2024-01-15;66,08;13,58;milho
2024-01-16;65,53;13,3;milho
2024-01-17;64,8;13,15;milho
2024-01-18;64,09;12,99;milho
2024-01-19;63,0;12,78;milho
2024-01-22;62,28;12,48;milho
2024-01-23;62,11;12,53;milho
2024-01-24;62,64;12,7;milho
2024-01-25;62,24;12,65;milho
2024-01-26;61,95;12,61;milho
2024-01-29;62,15;12,55;milho
2024-01-30;62,81;12,7;milho
2024-01-31;62,34;12,6;milho
2024-02-01;61,45;12,5;milho
2024-02-02;62,13;12,51;milho
2024-02-05;62,72;12,59;milho
2024-02-06;62,82;12,66;milho
2024-02-07;63,28;12,74;milho
2024-02-08;62,71;12,56;milho
2024-02-09;62,17;12,54;milho
2024-02-14;62,13;12,5;milho
2024-02-15;62,12;12,5;milho
2024-02-16;62,47;12,58;milho
2024-02-19;62,57;12,61;milho
2024-02-20;62,85;12,75;milho
2024-02-21;63,11;12,78;milho
2024-02-22;62,87;12,7;milho
2024-02-23;63,06;12,64;milho
2024-02-26;63,11;12,68;milho
2024-02-27;62,91;12,75;milho
2024-02-28;62,3;12,53;milho
2024-02-29;62,23;12,51;milho
2024-03-01;62,72;12,66;milho
2024-03-04;63,01;12,74;milho
2024-03-05;62,77;12,67;milho
2024-03-06;62,75;12,69;milho
2024-03-07;62,84;12,73;milho
2024-03-08;62,87;12,63;milho
2024-03-11;62,9;12,64;milho
2024-03-12;63,07;12,68;milho
2024-03-13;63,0;12,67;milho
2024-03-14;63,24;12,67;milho
2024-03-15;63,17;12,65;milho
2024-03-18;62,87;12,51;milho
2024-03-19;62,86;12,52;milho
2024-03-20;62,75;12,62;milho
2024-03-21;62,62;12,58;milho
2024-03-22;62,45;12,49;milho
2024-03-25;62,6;12,58;milho
2024-03-26;62,3;12,5;milho
2024-03-27;61,82;12,41;milho
2024-03-28;61,78;12,33;milho
2024-04-01;61,71;12,18;milho
2024-04-02;61,57;12,17;milho
2024-04-03;61,49;12,2;milho
2024-04-04;61,48;12,18;milho
2024-04-05;60,99;12,04;milho
2024-04-08;60,62;12,05;milho
2024-04-09;60,14;12,01;milho
2024-04-10;59,83;11,78;milho
2024-04-11;59,53;11,7;milho
2024-04-12;59,62;11,63;milho
2024-04-15;59,7;11,51;milho
2024-04-16;59,74;11,36;milho
2024-04-17;59,41;11,35;milho
2024-04-18;59,29;11,3;milho
2024-04-19;59,11;11,38;milho
2024-04-22;58,76;11,36;milho
2024-04-23;58,49;11,4;milho
2024-04-24;58,27;11,32;milho
2024-04-25;58,01;11,23;milho
2024-04-26;58,09;11,35;milho
2024-04-29;58,11;11,37;milho
2024-04-30;57,93;11,16;milho
2024-05-02;57,56;11,26;milho
2024-05-03;58,1;11,46;milho
2024-05-06;58,2;11,47;milho
2024-05-07;58,16;11,47;milho
2024-05-08;58,1;11,4;milho
2024-05-09;58,19;11,31;milho
2024-05-10;58,88;11,42;milho
2024-05-13;58,83;11,42;milho
2024-05-14;58,67;11,44;milho
2024-05-15;58,96;11,48;milho
2024-05-16;58,85;11,47;milho
2024-05-17;59,13;11,58;milho
2024-05-20;59,68;11,68;milho
2024-05-21;59,48;11,63;milho
2024-05-22;59,36;11,52;milho
2024-05-23;59,77;11,6;milho
2024-05-24;59,74;11,55;milho
2024-05-27;59,67;11,54;milho
2024-05-28;59,43;11,52;milho
2024-05-29;59,29;11,4;milho
2024-05-31;59,36;11,29;milho
2024-06-03;58,95;11,27;milho
2024-06-04;58,58;11,08;milho
2024-06-05;58,55;11,05;milho
2024-06-06;58,27;11,09;milho
2024-06-07;57,85;10,88;milho
2024-06-10;58,22;10,87;milho
2024-06-11;57,94;10,81;milho
2024-06-12;57,51;10,63;milho
2024-06-13;57,53;10,71;milho
2024-06-14;57,77;10,74;milho
2024-06-17;57,72;10,64;milho
2024-06-18;57,71;10,62;milho
2024-06-19;58,06;10,66;milho
2024-06-20;58,15;10,74;milho
2024-06-21;58,13;10,68;milho
2024-06-24;57,26;10,61;milho
2024-06-25;56,88;10,43;milho
2024-06-26;57,37;10,4;milho
2024-06-27;57,54;10,46;milho
2024-06-28;57,22;10,24;milho
2024-07-01;57,32;10,17;milho
2024-07-02;56,87;10,06;milho
2024-07-03;56,4;10,14;milho
2024-07-04;56,12;10,23;milho
2024-07-05;56,11;10,26;milho
2024-07-08;56,14;10,25;milho
2024-07-09;56,21;10,37;milho
2024-07-10;55,84;10,32;milho
2024-07-11;56,49;10,38;milho
2024-07-12;56,7;10,44;milho
2024-07-15;56,35;10,35;milho
2024-07-16;56,33;10,37;milho
2024-07-17;56,17;10,24;milho
2024-07-18;57,24;10,26;milho
2024-07-19;57,48;10,27;milho
2024-07-22;57,56;10,33;milho
2024-07-23;58,41;10,45;milho
2024-07-24;58,56;10,35;milho
2024-07-25;58,91;10,44;milho
2024-07-26;58,81;10,39;milho
2024-07-29;58,45;10,38;milho
2024-07-30;58,35;10,37;milho
2024-07-31;59,2;10,46;milho
2024-08-01;59,44;10,36;milho
2024-08-02;59,34;10,39;milho
2024-08-05;59,14;10,31;milho
2024-08-06;59,19;10,47;milho
2024-08-07;59,2;10,52;milho
2024-08-08;59,02;10,59;milho
2024-08-09;58,86;10,68;milho
2024-08-12;59,07;10,73;milho
2024-08-13;59,22;10,85;milho
2024-08-14;59,39;10,85;milho
2024-08-15;59,01;10,76;milho
2024-08-16;59,75;10,92;milho
2024-08-19;59,83;11,06;milho
2024-08-20;59,69;10,92;milho
2024-08-21;59,89;10,94;milho
2024-08-22;60,12;10,76;milho
2024-08-23;60,02;10,96;milho
2024-08-26;59,74;10,88;milho
2024-08-27;59,98;10,9;milho
2024-08-28;59,92;10,8;milho
2024-08-29;60,27;10,73;milho
2024-08-30;60,59;10,72;milho
2024-09-02;60,7;10,82;milho
2024-09-03;61,14;10,83;milho
2024-09-04;61,57;10,92;milho
2024-09-05;61,89;11,09;milho
2024-09-06;62,17;11,11;milho
2024-09-09;62,33;11,16;milho
2024-09-10;62,82;11,1;milho
2024-09-11;63,42;11,22;milho
2024-09-12;63,5;11,3;milho
2024-09-13;62,74;11,28;milho
2024-09-16;62,42;11,32;milho
2024-09-17;62,02;11,31;milho
2024-09-18;62,34;11,45;milho
2024-09-19;62,31;11,48;milho
2024-09-20;62,2;11,27;milho
2024-09-23;62,69;11,33;milho
2024-09-24;63,24;11,58;milho
2024-09-25;63,34;11,56;milho
2024-09-26;63,57;11,67;milho
2024-09-27;63,88;11,75;milho
2024-09-30;64,3;11,79;milho
2024-10-01;65,04;11,92;milho
2024-10-02;65,52;12,03;milho
2024-10-03;65,71;12,01;milho
2024-10-04;66,21;12,13;milho
2024-10-07;66,05;12,04;milho
2024-10-08;66,21;11,97;milho
2024-10-09;67,07;12,01;milho
2024-10-10;67,69;12,12;milho
2024-10-11;67,75;12,05;milho
2024-10-14;67,81;12,15;milho
2024-10-15;67,96;12,01;milho
2024-10-16;68,44;12,08;milho
2024-10-17;68,42;12,07;milho
2024-10-18;68,77;12,08;milho
2024-10-21;69,76;12,23;milho
2024-10-22;69,94;12,27;milho
2024-10-23;70,59;12,41;milho
2024-10-24;71,36;12,57;milho
2024-10-25;71,67;12,55;milho
2024-10-28;72,17;12,65;milho
2024-10-29;72,37;12,56;milho
2024-10-30;72,67;12,61;milho
2024-10-31;72,94;12,62;milho
2024-11-01;73,11;12,46;milho
2024-11-04;72,93;12,63;milho
2024-11-05;73,07;12,71;milho
2024-11-06;74,21;13,06;milho
2024-11-07;74,41;13,09;milho
2024-11-08;74,64;12,97;milho
2024-11-11;74,55;12,92;milho
2024-11-12;74,37;12,89;milho
2024-11-13;74,45;12,84;milho
2024-11-14;74,67;12,92;milho
2024-11-18;74,66;13,0;milho
2024-11-19;73,55;12,74;milho
2024-11-21;73,46;12,63;milho
2024-11-22;73,41;12,63;milho
2024-11-25;73,48;12,65;milho
2024-11-26;73,12;12,59;milho
2024-11-27;72,51;12,26;milho
2024-11-28;72,46;12,11;milho
2024-11-29;72,77;12,12;milho
2024-12-02;72,69;11,98;milho
2024-12-03;72,57;11,98;milho
2024-12-04;72,47;12,0;milho
2024-12-05;73,09;12,18;milho
2024-12-06;73,2;12,03;milho
2024-12-09;73,54;12,08;milho
2024-12-10;73,62;12,15;milho
2024-12-11;73,67;12,25;milho
2024-12-12;73,25;12,14;milho
2024-12-13;72,93;12,07;milho
2024-12-16;72,89;11,98;milho
2024-12-17;72,73;11,95;milho
2024-12-18;72,74;11,65;milho
2024-12-19;72,45;11,85;milho
2024-12-20;72,73;12,0;milho
2024-12-23;72,84;11,77;milho
2024-12-26;72,69;11,77;milho
2024-12-27;72,65;11,73;milho
2024-12-30;72,69;11,76;milho
2025-01-02;72,94;11,83;milho
2025-01-03;72,99;11,81;milho
2025-01-06;73,14;11,96;milho
2025-01-07;73,98;12,1;milho
2025-01-08;74,23;12,15;milho
2025-01-09;74,32;12,28;milho
2025-01-10;74,91;12,28;milho
2025-01-13;74,92;12,28;milho
2025-01-14;74,69;12,35;milho
2025-01-15;74,97;12,45;milho
2025-01-16;74,42;12,28;milho
2025-01-17;74,25;12,25;milho
2025-01-20;73,85;12,22;milho
2025-01-21;74,02;12,27;milho
2025-01-22;74,1;12,48;milho
2025-01-23;73,88;12,49;milho
2025-01-24;73,86;12,49;milho
2025-01-27;74,04;12,53;milho
2025-01-28;74,05;12,61;milho
2025-01-29;74,49;12,67;milho
2025-01-30;74,79;12,75;milho
2025-01-31;74,99;12,84;milho
2025-02-03;75,32;12,95;milho
2025-02-04;75,6;13,11;milho
2025-02-05;76,04;13,13;milho
2025-02-06;76,42;13,25;milho
2025-02-07;77,24;13,35;milho
2025-02-10;77,26;13,35;milho
2025-02-11;77,96;13,51;milho
2025-02-12;79,0;13,71;milho
2025-02-13;79,12;13,71;milho
2025-02-14;79,86;14,0;milho
2025-02-17;79,62;13,94;milho
2025-02-18;78,91;13,86;milho
2025-02-19;81,26;14,21;milho
2025-02-20;83,62;14,65;milho
2025-02-21;84,19;14,7;milho
2025-02-24;84,85;14,76;milho
2025-02-25;86,67;15,06;milho
2025-02-26;87,18;15,03;milho
2025-02-27;87,68;15,04;milho
2025-02-28;87,49;14,82;milho
2025-03-05;87,67;15,23;milho
2025-03-06;87,85;15,24;milho
2025-03-07;88,71;15,32;milho
2025-03-10;88,52;15,12;milho
2025-03-11;89,08;15,34;milho
2025-03-12;89,39;15,4;milho
2025-03-13;89,88;15,5;milho
2025-03-14;89,83;15,65;milho
2025-03-17;90,26;15,91;milho
2025-03-18;90,33;15,92;milho
2025-03-19;90,18;15,96;milho
2025-03-20;90,08;15,89;milho
2025-03-21;90,14;15,77;milho
2025-03-24;89,74;15,6;milho
2025-03-25;89,12;15,63;milho
2025-03-26;88,94;15,51;milho
2025-03-27;87,92;15,28;milho
2025-03-28;87,87;15,26;milho
2025-03-31;87,71;15,37;milho
2025-04-01;86,62;15,24;milho
2025-04-02;85,97;15,1;milho
2025-04-03;84,82;15,08;milho
2025-04-04;84,63;14,5;milho
2025-04-07;84,83;14,35;milho
2025-04-08;85,25;14,24;milho
2025-04-09;85,72;14,68;milho
2025-04-10;85,57;14,49;milho
2025-04-11;84,98;14,48;milho
2025-04-14;85,3;14,58;milho
2025-04-15;84,71;14,38;milho
2025-04-16;83,78;14,27;milho
2025-04-17;83,49;14,38;milho
2025-04-22;82,57;14,43;milho
2025-04-23;81,97;14,34;milho
2025-04-24;81,6;14,36;milho
2025-04-25;80,54;14,17;milho
2025-04-28;80,49;14,24;milho
2025-04-29;80,37;14,27;milho
2025-04-30;80,13;14,13;milho
2025-05-02;79,07;13,98;milho
2025-05-05;79,05;13,9;milho
2025-05-06;77,61;13,6;milho
2025-05-07;76,38;13,26;milho
2025-05-08;75,93;13,39;milho
2025-05-09;75,07;13,27;milho
2025-05-12;74,34;13,07;milho
2025-05-13;73,57;13,14;milho
2025-05-14;73,12;12,99;milho
2025-05-15;73,07;12,86;milho
2025-05-16;72,93;12,87;milho
2025-05-19;72,68;12,86;milho
2025-05-20;72,59;12,8;milho
2025-05-21;72,03;12,75;milho
2025-05-22;71,22;12,6;milho
2025-05-23;71,13;12,58;milho
2025-05-26;71,24;12,56;milho
2025-05-27;70,82;12,54;milho
2025-05-28;69,42;12,19;milho
2025-05-29;69,17;12,2;milho
2025-05-30;68,95;12,06;milho
2025-06-02;68,85;12,12;milho
2025-06-03;68,89;12,21;milho
2025-06-04;69,02;12,22;milho
2025-06-05;68,96;12,33;milho
2025-06-06;69,53;12,5;milho
2025-06-09;68,79;12,37;milho
2025-06-10;67,73;12,15;milho
2025-06-11;67,97;12,26;milho
2025-06-12;67,64;12,2;milho
2025-06-13;67,61;12,21;milho
2025-06-16;67,5;12,29;milho
2025-06-17;67,36;12,25;milho
2025-06-18;68,07;12,37;milho
2025-06-20;68,11;12,33;milho
2025-06-23;68,43;12,43;milho
2025-06-24;68,27;12,38;milho
2025-06-25;68,04;12,25;milho
2025-06-26;67,58;12,28;milho
2025-06-27;67,65;12,33;milho
2025-06-30;67,02;12,34;milho
2025-07-01;65,68;12,02;milho
2025-07-02;65,25;12,03;milho
2025-07-03;64,15;11,85;milho
2025-07-04;64,05;11,81;milho
2025-07-07;63,44;11,58;milho
2025-07-08;63,35;11,63;milho
2025-07-09;63,19;11,5;milho
2025-07-10;62,98;11,37;milho
2025-07-11;62,91;11,34;milho
2025-07-14;62,73;11,23;milho
2025-07-15;62,78;11,29;milho
2025-07-16;62,84;11,3;milho
2025-07-17;62,93;11,34;milho
2025-07-18;63,39;11,35;milho
2025-07-21;63,56;11,41;milho
2025-07-22;64,02;11,5;milho
2025-07-23;64,0;11,59;milho
2025-07-24;64,11;11,62;milho
2025-07-25;63,74;11,45;milho
2025-07-28;63,7;11,38;milho
2025-07-29;63,64;11,43;milho
2025-07-30;63,51;11,39;milho
2025-07-31;63,54;11,35;milho
2025-08-01;63,71;11,48;milho
2025-08-04;64,0;11,62;milho
2025-08-05;64,01;11,62;milho
2025-08-06;63,67;11,66;milho
2025-08-07;63,58;11,7;milho
2025-08-08;63,61;11,69;milho
2025-08-11;63,65;11,69;milho
2025-08-12;63,89;11,85;milho
2025-08-13;63,7;11,79;milho
2025-08-14;63,37;11,7;milho
2025-08-15;63,26;11,72;milho
2025-08-18;63,33;11,66;milho
2025-08-19;63,83;11,6;milho
2025-08-20;63,87;11,67;milho
2025-08-21;64,03;11,68;milho
2025-08-22;64,05;11,81;milho
2025-08-25;64,32;11,88;milho
2025-08-26;64,34;11,84;milho
2025-08-27;64,49;11,9;milho
2025-08-28;64,26;11,89;milho
2025-08-29;64,29;11,86;milho
2025-09-01;64,34;11,82;milho
2025-09-02;64,53;11,79;milho
2025-09-03;64,58;11,83;milho
2025-09-04;64,7;11,88;milho
2025-09-05;64,78;11,97;milho
2025-09-08;64,82;11,96;milho
2025-09-09;65,15;11,99;milho
2025-09-10;65,07;12,03;milho
2025-09-11;64,97;12,04;milho
2025-09-12;65,03;12,14;milho
2025-09-15;65,08;12,24;milho
2025-09-16;65,19;12,3;milho
2025-09-17;65,36;12,33;milho
2025-09-18;65,33;12,3;milho
2025-09-19;65,32;12,28;milho
2025-09-22;64,75;12,13;milho
2025-09-23;64,32;12,17;milho
2025-09-24;64,33;12,08;milho
2025-09-25;64,36;11,99;milho
2025-09-26;64,34;12,05;milho
2025-09-29;64,36;12,1;milho
2025-09-30;64,26;12,07;milho
2025-10-01;64,31;12,09;milho
2025-10-02;64,57;12,09;milho
2025-10-03;64,77;12,15;milho
2025-10-06;64,93;12,22;milho
2025-10-07;65,09;12,17;milho
2025-10-08;65,3;12,22;milho
2025-10-09;65,19;12,12;milho
2025-10-10;65,21;11,86;milho
2025-10-13;65,15;11,94;milho
2025-10-14;64,98;11,89;milho
2025-10-15;64,96;11,9;milho
2025-10-16;65,12;11,96;milho
2025-10-17;65,53;12,12;milho
2025-10-20;65,49;12,19;milho
2025-10-21;65,61;12,17;milho
2025-10-22;65,47;12,12;milho
2025-10-23;65,63;12,19;milho
2025-10-24;65,66;12,18;milho
2025-10-27;65,71;12,23;milho
2025-10-28;65,84;12,28;milho
2025-10-29;66,03;12,31;milho
2025-10-30;66,24;12,32;milho
2025-10-31;66,15;12,29;milho
2025-11-03;66,43;12,4;milho
2025-11-04;66,69;12,35;milho
2025-11-05;66,8;12,46;milho
2025-11-06;66,85;12,5;milho
2025-11-07;67,08;12,57;milho
2025-11-10;67,31;12,68;milho
2025-11-11;67,34;12,78;milho
2025-11-12;67,36;12,73;milho
2025-11-13;67,46;12,73;milho
2025-11-14;67,52;12,74;milho
2025-11-17;67,62;12,7;milho
2025-11-18;67,61;12,71;milho
2025-11-19;67,64;12,67;milho
2025-11-21;67,67;12,54;milho
2025-11-24;67,82;12,57;milho
2025-11-25;68,24;12,69;milho
2025-11-26;68,4;12,82;milho
2025-11-27;68,62;12,82;milho
2025-11-28;68,76;12,9;milho
2025-12-01;69,04;12,88;milho
2025-12-02;69,54;13,04;milho
2025-12-03;69,91;13,16;milho
2025-12-04;69,97;13,18;milho
2025-12-05;70,3;12,89;milho
2025-12-08;70,15;12,93;milho
2025-12-09;69,99;12,87;milho
2025-12-10;69,76;12,74;milho
2025-12-11;69,62;12,89;milho
2025-12-12;69,46;12,83;milho
2025-12-15;69,71;12,86;milho
2025-12-16;69,56;12,73;milho
2025-12-17;69,19;12,53;milho
2025-12-18;69,27;12,55;milho
2025-12-19;69,42;12,56;milho
2025-12-22;69,47;12,45;milho
2025-12-23;69,5;12,55;milho
2025-12-26;69,48;12,53;milho
2025-12-29;69,46;12,45;milho
2025-12-30;69,5;12,66;milho
2026-01-02;69,45;12,81;milho
2026-01-05;69,38;12,84;milho
2026-01-06;69,13;12,85;milho
2026-01-07;69,0;12,8;milho
2026-01-08;68,94;12,79;milho
2026-01-09;69,02;12,86;milho
2026-01-12;68,84;12,82;milho
2026-01-13;68,79;12,79;milho
2026-01-14;68,43;12,68;milho
2026-01-15;68,37;12,75;milho
2026-01-16;68,41;12,73;milho
2026-01-19;68,12;12,7;milho
2026-01-20;67,46;12,54;milho
2026-01-21;67,04;12,6;milho
2026-01-22;66,72;12,63;milho
2026-01-23;66,63;12,6;milho
2026-01-26;66,69;12,63;milho
2026-01-27;66,22;12,72;milho
2026-01-28;65,87;12,63;milho
2026-01-29;65,96;12,7;milho
2026-01-30;66,1;12,59;milho
2026-02-02;66,17;12,59;milho
2026-02-03;66,28;12,65;milho
2026-02-04;66,44;12,63;milho
2026-02-05;66,49;12,66;milho
2026-02-06;66,78;12,79;milho
2026-02-09;67,09;12,93;milho
2026-02-10;67,06;12,89;milho
2026-02-11;67,21;12,96;milho
2026-02-12;67,67;13,01;milho
2026-02-13;68,14;13,04;milho
2026-02-18;68,39;13,04;milho
2026-02-19;68,8;13,17;milho
2026-02-20;68,74;13,27;milho
2026-02-23;69,02;13,36;milho
2026-02-24;69,14;13,41;milho
2026-02-25;69,28;13,51;milho
2026-02-26;69,28;13,47;milho
2026-02-27;69,53;13,53;milho
2026-03-02;69,75;13,49;milho
2026-03-03;69,98;13,28;milho
2026-03-04;70,23;13,46;milho
2026-03-05;70,24;13,3;milho
2026-03-06;70,56;13,44;milho
2026-03-09;70,63;13,66;milho
2026-03-10;71,09;13,77;milho
2026-03-11;71,32;13,81;milho
2026-03-12;71,56;13,66;milho
2026-03-13;71,98;13,55;milho
2026-03-16;72,1;13,79;milho
2026-03-17;72,02;13,83;milho
2026-03-18;71,2;13,62;milho
2026-03-19;71,63;13,74;milho
2026-03-20;71,37;13,42;milho
2026-03-23;71,25;13,61;milho
2026-03-24;71,01;13,51;milho
2026-03-25;70,45;13,49;milho
2026-03-26;70,33;13,41;milho
2026-03-27;70,34;13,42;milho
2026-03-30;70,29;13,36;milho
2026-03-31;70,37;13,56;milho
