id_animal;brinco;raca;lote;peso_entrada;gmd_base;data_entrada;status;data_pesagem;peso_kg;gmd_periodo;arroba_atual;preco_arroba_rs;valor_mercado_rs;dias_conf;custo_sanitario_rs;custo_racao_lote_rs;n_animais_lote;custo_racao_animal_rs;gmd_total;ganho_peso_kg;custo_total_animal_rs;custo_por_kg_ganho;margem_bruta_rs;conversao_alimentar;classe_performance;cluster;cluster_nome
1;BR0001;Nelore;3;257,8;1,114;2024-07-01;ativo;2025-02-10;534,5;1,074;17,82;324,65;5785,26;224;498,4500000000001;222144,47;50;4442,89;1,235;276,7;4941,34;17,86;843,92;4,61;Alta;2;Performance Média
2;BR0002;Nelore;8;239,8;0,951;2024-07-01;ativo;2025-04-07;529,9;1,051;17,66;324,6;5732,44;280;923,25;239916,02;54;4442,89;1,036;290,1;5366,14;18,5;366,3;5,5;Média;1;Baixa Performance
3;BR0003;Cruzado Nelore;5;285,6;1,253;2024-07-01;ativo;2024-12-16;535,9;1,349;17,86;309,8;5533,03;168;448,62;239916,02;54;4442,89;1,49;250,3;4891,51;19,54;641,52;3,83;Alta;2;Performance Média
4;BR0004;Brahman;10;270,4;0,856;2024-07-01;ativo;2025-04-07;532,9;0,751;17,76;324,6;5764,9;280;535,13;226587,36;51;4442,89;0,938;262,5;4978,02;18,96;786,88;6,08;Média;1;Baixa Performance
5;BR0005;Nelore;7;284,4;0,896;2024-07-01;ativo;2025-03-10;528,9;0,714;17,63;311,45;5490,86;252;577,75;253244,71;57;4442,89;0,97;244,5;5020,64;20,53;470,22;5,87;Média;1;Baixa Performance
6;BR0006;Simental;7;342,7;1,282;2024-07-01;ativo;2024-10-21;525,1;1,267;17,5;306,3;5360,25;112;522,65;253244,71;57;4442,89;1,629;182,4;4965,54;27,22;394,71;3,5;Alta;0;Alta Performance
7;BR0007;Nelore;4;268,0;0,992;2024-07-01;ativo;2025-03-10;548,4;1,045;18,28;311,45;5693,31;252;536,75;199930,04;45;4442,89;1,113;280,4;4979,64;17,76;713,67;5,12;Alta;1;Baixa Performance
8;BR0008;Nelore;8;299,0;1,366;2024-07-01;ativo;2024-11-18;520,9;1,215;17,36;344,2;5975,31;140;633,57;239916,02;54;4442,89;1,585;221,9;5076,46;22,88;898,85;3,6;Alta;0;Alta Performance
9;BR0009;Nelore;8;275,4;1,128;2024-07-01;ativo;2025-01-13;530,8;1,2;17,69;325,6;5759,86;196;982,54;239916,02;54;4442,89;1,303;255,4;5425,43;21,24;334,43;4,37;Alta;2;Performance Média
10;BR0010;Cruzado Nelore;4;267,4;1,083;2024-07-01;ativo;2025-02-10;542,0;1,176;18,07;324,65;5866,43;224;547,1700000000001;199930,04;45;4442,89;1,226;274,6;4990,06;18,17;876,37;4,65;Alta;2;Performance Média
11;BR0011;Nelore;8;294,8;1,084;2024-07-01;ativo;2025-01-13;544,1;1,056;18,14;325,6;5906,38;196;976,38;239916,02;54;4442,89;1,272;249,3;5419,27;21,74;487,11;4,48;Alta;2;Performance Média
12;BR0012;Brahman;5;281,3;0,956;2024-07-01;ativo;2025-02-10;531,0;0,879;17,7;324,65;5746,3;224;503,09;239916,02;54;4442,89;1,115;249,7;4945,98;19,81;800,32;5,11;Alta;2;Performance Média
13;BR0013;Nelore;10;295,5;0,942;2024-07-01;ativo;2025-02-10;538,2;0,951;17,94;324,65;5824,22;224;787,88;226587,36;51;4442,89;1,083;242,7;5230,77;21,55;593,45;5,26;Média;2;Performance Média
14;BR0014;Simental;1;289,8;1,423;2024-07-01;ativo;2024-12-16;558,1;1,459;18,6;309,8;5762,28;168;534,52;204372,94;46;4442,89;1,597;268,3;4977,41;18,55;784,87;3,57;Alta;2;Performance Média
15;BR0015;Nelore;8;242,5;0,777;2024-07-01;ativo;2025-06-02;525,4;0,761;17,51;306,1;5359,81;336;552,94;239916,02;54;4442,89;0,842;282,9;4995,83;17,66;363,98;6,77;Baixa;1;Baixa Performance
16;BR0016;Nelore;3;291,6;1,228;2024-07-01;ativo;2024-12-16;527,7;1,196;17,59;309,8;5449,38;168;587,94;222144,47;50;4442,89;1,405;236,1;5030,83;21,31;418,55;4,06;Alta;2;Performance Média
17;BR0017;Cruzado Nelore;10;309,0;1,183;2024-07-01;ativo;2024-12-16;538,9;1,306;17,96;309,8;5564,01;168;537,01;226587,36;51;4442,89;1,368;229,9;4979,9;21,66;584,11;4,17;Alta;2;Performance Média
18;BR0018;Nelore;2;286,6;1,245;2024-07-01;ativo;2024-12-16;527,7;1,178;17,59;309,8;5449,38;168;584,0;231030,27;52;4442,89;1,435;241,1;5026,89;20,85;422,49;3,97;Alta;2;Performance Média
19;BR0019;Nelore;5;309,4;0,825;2024-07-01;ativo;2025-03-10;543,7;0,919;18,12;311,45;5643,47;252;623,0699999999999;239916,02;54;4442,89;0,93;234,3;5065,96;21,62;577,51;6,13;Média;1;Baixa Performance
20;BR0020;Cruzado Nelore;1;311,7;1,206;2024-07-01;ativo;2024-12-16;547,1;1,146;18,24;309,8;5650,75;168;549,01;204372,94;46;4442,89;1,401;235,4;4991,9;21,21;658,85;4,07;Alta;2;Performance Média
21;BR0021;Nelore;7;261,3;1,207;2024-07-01;ativo;2025-01-13;533,3;1,31;17,78;325,6;5789,17;196;526,36;253244,71;57;4442,89;1,388;272,0;4969,25;18,27;819,92;4,11;Alta;2;Performance Média
22;BR0022;Nelore;3;267,7;1,117;2024-07-01;ativo;2025-01-13;521,4;1,232;17,38;325,6;5658,93;196;519,63;222144,47;50;4442,89;1,294;253,7;4962,52;19,56;696,41;4,4;Alta;2;Performance Média
23;BR0023;Nelore;4;251,6;1,258;2024-07-01;ativo;2025-01-13;533,8;1,32;17,79;325,6;5792,42;196;562,96;199930,04;45;4442,89;1,44;282,2;5005,85;17,74;786,57;3,96;Alta;2;Performance Média
24;BR0024;Simental;4;309,3;1,046;2024-07-01;ativo;2025-01-13;538,0;1,033;17,93;325,6;5838,01;196;492,1;199930,04;45;4442,89;1,167;228,7;4934,99;21,58;903,02;4,89;Alta;2;Performance Média
25;BR0025;Simental;2;352,5;1,44;2024-07-01;ativo;2024-10-21;554,2;1,529;18,47;306,3;5657,36;112;536,98;231030,27;52;4442,89;1,801;201,7;4979,87;24,69;677,49;3,17;Alta;0;Alta Performance
26;BR0026;Brahman;4;257,8;0,88;2024-07-01;ativo;2025-04-07;525,7;0,913;17,52;324,6;5686,99;280;504,9;199930,04;45;4442,89;0,957;267,9;4947,79;18,47;739,2;5,96;Média;1;Baixa Performance
27;BR0027;Cruzado Nelore;9;322,4;1,183;2024-07-01;ativo;2024-12-16;547,0;1,202;18,23;309,8;5647,65;168;661,9300000000001;191044,25;43;4442,89;1,337;224,6;5104,82;22,73;542,83;4,26;Alta;2;Performance Média
28;BR0028;Nelore;9;274,9;0,976;2024-07-01;ativo;2025-03-10;541,5;0,958;18,05;311,45;5621,67;252;529,15;191044,25;43;4442,89;1,058;266,6;4972,04;18,65;649,63;5,39;Média;1;Baixa Performance
29;BR0029;Cruzado Nelore;5;241,9;1,216;2024-07-01;ativo;2025-02-10;541,4;1,07;18,05;324,65;5859,93;224;545,71;239916,02;54;4442,89;1,337;299,5;4988,6;16,66;871,33;4,26;Alta;2;Performance Média
30;BR0030;Brahman;6;251,9;0,77;2024-07-01;ativo;2025-06-02;535,2;0,648;17,84;306,1;5460,82;336;549,06;213258,69;48;4442,89;0,843;283,3;4991,95;17,62;468,87;6,76;Baixa;1;Baixa Performance
31;BR0031;Nelore;1;238,2;1,303;2024-07-01;ativo;2025-01-13;535,1;1,293;17,84;325,6;5808,7;196;1685,79;204372,94;46;4442,89;1,515;296,9;6128,68;20,64;-319,98;3,76;Alta;2;Performance Média
32;BR0032;Nelore;3;296,4;0,839;2024-07-01;ativo;2025-03-10;527,7;0,858;17,59;311,45;5478,41;252;467,25;222144,47;50;4442,89;0,918;231,3;4910,14;21,23;568,27;6,21;Média;1;Baixa Performance
33;BR0033;Nelore;6;281,2;1,543;2024-07-01;ativo;2024-11-18;543,3;1,576;18,11;344,2;6233,46;140;822,55;213258,69;48;4442,89;1,872;262,1;5265,44;20,09;968,02;3,04;Alta;0;Alta Performance
34;BR0034;Nelore;2;304,7;0,765;2024-07-01;ativo;2025-03-10;538,1;0,841;17,94;311,45;5587,41;252;618,32;231030,27;52;4442,89;0,926;233,4;5061,21;21,68;526,2;6,15;Média;1;Baixa Performance
35;BR0035;Angus;7;349,3;0,901;2024-07-01;ativo;2024-12-16;523,6;0,846;17,45;309,8;5406,01;168;542,33;253244,71;57;4442,89;1,038;174,3;4985,22;28,6;420,79;5,49;Média;0;Alta Performance
36;BR0036;Brahman;6;254,5;1,12;2024-07-01;ativo;2025-02-10;545,4;1,167;18,18;324,65;5902,14;224;584,49;213258,69;48;4442,89;1,299;290,9;5027,38;17,28;874,76;4,39;Alta;2;Performance Média
37;BR0037;Nelore;1;308,1;1,328;2024-07-01;ativo;2024-11-18;525,4;1,197;17,51;344,2;6026,94;140;515,82;204372,94;46;4442,89;1,552;217,3;4958,71;22,82;1068,23;3,67;Alta;0;Alta Performance
38;BR0038;Nelore;3;318,7;1,066;2024-07-01;ativo;2024-12-16;523,6;1,115;17,45;309,8;5406,01;168;545,08;222144,47;50;4442,89;1,22;204,9;4987,97;24,34;418,04;4,67;Alta;2;Performance Média
39;BR0039;Brahman;7;239,0;0,965;2024-07-01;ativo;2025-04-07;533,8;1,035;17,79;324,6;5774,63;280;1039,89;253244,71;57;4442,89;1,053;294,8;5482,78;18,6;291,85;5,41;Média;1;Baixa Performance
40;BR0040;Nelore;2;261,6;1,36;2024-07-01;ativo;2024-12-16;525,0;1,349;17,5;309,8;5421,5;168;566,05;231030,27;52;4442,89;1,568;263,4;5008,94;19,02;412,56;3,64;Alta;2;Performance Média
41;BR0041;Cruzado Nelore;2;318,4;1,316;2024-07-01;ativo;2024-11-18;537,4;1,343;17,91;344,2;6164,62;140;540,43;231030,27;52;4442,89;1,564;219,0;4983,32;22,75;1181,3;3,64;Alta;0;Alta Performance
42;BR0042;Simental;10;312,9;1,395;2024-07-01;ativo;2024-11-18;550,6;1,41;18,35;344,2;6316,07;140;576,55;226587,36;51;4442,89;1,698;237,7;5019,44;21,12;1296,63;3,36;Alta;0;Alta Performance
43;BR0043;Simental;1;285,8;1,32;2024-07-01;ativo;2024-12-16;547,9;1,228;18,26;309,8;5656,95;168;585,23;204372,94;46;4442,89;1,56;262,1;5028,12;19,18;628,83;3,65;Alta;2;Performance Média
44;BR0044;Nelore;3;251,2;1,288;2024-07-01;ativo;2025-01-13;533,3;1,238;17,78;325,6;5789,17;196;1137,99;222144,47;50;4442,89;1,439;282,1;5580,88;19,78;208,29;3,96;Alta;2;Performance Média
45;BR0045;Cruzado Nelore;6;297,2;1,17;2024-07-01;ativo;2024-12-16;524,5;1,108;17,48;309,8;5415,3;168;567,79;213258,69;48;4442,89;1,353;227,3;5010,68;22,04;404,62;4,21;Alta;2;Performance Média
46;BR0046;Cruzado Nelore;8;281,4;1,194;2024-07-01;ativo;2025-01-13;553,0;1,254;18,43;325,6;6000,81;196;610,64;239916,02;54;4442,89;1,386;271,6;5053,53;18,61;947,28;4,11;Alta;2;Performance Média
47;BR0047;Cruzado Nelore;9;312,1;1,49;2024-07-01;ativo;2024-10-21;526,7;1,532;17,56;306,3;5378,63;112;1391,34;191044,25;43;4442,89;1,916;214,6;5834,23;27,19;-455,6;2,97;Alta;0;Alta Performance
48;BR0048;Brahman;9;307,3;1,054;2024-07-01;ativo;2025-01-13;541,0;1,019;18,03;325,6;5870,57;196;493,44;191044,25;43;4442,89;1,192;233,7;4936,33;21,12;934,24;4,78;Alta;2;Performance Média
49;BR0049;Nelore;4;279,9;0,973;2024-07-01;ativo;2025-03-10;539,9;1,072;18,0;311,45;5606,1;252;598,17;199930,04;45;4442,89;1,032;260,0;5041,06;19,39;565,04;5,52;Média;1;Baixa Performance
50;BR0050;Nelore;1;297,3;1,242;2024-07-01;ativo;2024-12-16;544,4;1,271;18,15;309,8;5622,87;168;926,24;204372,94;46;4442,89;1,471;247,1;5369,13;21,73;253,74;3,88;Alta;2;Performance Média
51;BR0051;Angus;6;355,5;1,276;2024-07-01;ativo;2024-10-21;540,2;1,378;18,01;306,3;5516,46;112;531,83;213258,69;48;4442,89;1,649;184,7;4974,72;26,93;541,74;3,46;Alta;0;Alta Performance
52;BR0052;Nelore;6;278,5;1,118;2024-07-01;ativo;2025-01-13;529,9;1,048;17,66;325,6;5750,1;196;523,24;213258,69;48;4442,89;1,283;251,4;4966,13;19,75;783,97;4,44;Alta;2;Performance Média
53;BR0053;Simental;1;281,3;1,156;2024-07-01;ativo;2025-01-13;522,9;1,218;17,43;325,6;5675,21;196;547,46;204372,94;46;4442,89;1,233;241,6;4990,35;20,66;684,86;4,62;Alta;2;Performance Média
54;BR0054;Brahman;3;241,9;0,942;2024-07-01;ativo;2025-04-07;537,1;1,066;17,9;324,6;5810,34;280;557,08;222144,47;50;4442,89;1,054;295,2;4999,97;16,94;810,37;5,41;Média;1;Baixa Performance
55;BR0055;Brahman;5;269,8;0,992;2024-07-01;ativo;2025-03-10;545,8;1,046;18,19;311,45;5665,28;252;597,88;239916,02;54;4442,89;1,095;276,0;5040,77;18,26;624,51;5,2;Média;1;Baixa Performance
56;BR0056;Cruzado Nelore;3;307,1;0,781;2024-07-01;ativo;2025-04-07;538,9;0,824;17,96;324,6;5829,82;280;532,63;222144,47;50;4442,89;0,828;231,8;4975,52;21,46;854,3;6,89;Baixa;1;Baixa Performance
57;BR0057;Simental;7;315,7;1,219;2024-07-01;ativo;2024-12-16;548,5;1,139;18,28;309,8;5663,14;168;503,23;253244,71;57;4442,89;1,386;232,8;4946,12;21,25;717,02;4,11;Alta;2;Performance Média
58;BR0058;Nelore;10;233,6;0,996;2024-07-01;ativo;2025-04-07;544,7;0,975;18,16;324,6;5894,74;280;511,14;226587,36;51;4442,89;1,111;311,1;4954,03;15,92;940,71;5,13;Alta;1;Baixa Performance
59;BR0059;Simental;8;332,6;1,6;2024-07-01;ativo;2024-10-21;551,9;1,588;18,4;306,3;5635,92;112;1667,51;239916,02;54;4442,89;1,958;219,3;6110,4;27,86;-474,48;2,91;Alta;0;Alta Performance
60;BR0060;Nelore;10;257,0;1,328;2024-07-01;ativo;2025-01-13;552,1;1,279;18,4;325,6;5991,04;196;594,46;226587,36;51;4442,89;1,506;295,1;5037,35;17,07;953,69;3,79;Alta;2;Performance Média
61;BR0061;Cruzado Nelore;6;312,4;1,353;2024-07-01;ativo;2024-11-18;535,6;1,254;17,85;344,2;6143,97;140;542,09;213258,69;48;4442,89;1,594;223,2;4984,98;22,33;1158,99;3,58;Alta;0;Alta Performance
62;BR0062;Nelore;3;298,1;0,929;2024-07-01;ativo;2025-02-10;529,5;0,942;17,65;324,65;5730,07;224;457,66;222144,47;50;4442,89;1,033;231,4;4900,55;21,18;829,52;5,52;Média;2;Performance Média
63;BR0063;Nelore;7;265,3;1,089;2024-07-01;ativo;2025-02-10;537,9;1,155;17,93;324,65;5820,97;224;534,55;253244,71;57;4442,89;1,217;272,6;4977,44;18,26;843,53;4,68;Alta;2;Performance Média
64;BR0064;Angus;3;321,4;1,454;2024-07-01;ativo;2024-10-21;528,4;1,453;17,61;306,3;5393,94;112;597,67;222144,47;50;4442,89;1,848;207,0;5040,56;24,35;353,38;3,08;Alta;0;Alta Performance
65;BR0065;Nelore;7;264,5;1,003;2024-07-01;ativo;2025-03-10;546,6;0,991;18,22;311,45;5674,62;252;508,27;253244,71;57;4442,89;1,119;282,1;4951,16;17,55;723,46;5,09;Alta;1;Baixa Performance
66;BR0066;Brahman;6;251,7;0,85;2024-07-01;ativo;2025-05-05;522,5;0,858;17,42;319,45;5564,82;308;565,52;213258,69;48;4442,89;0,879;270,8;5008,41;18,49;556,41;6,48;Média;1;Baixa Performance
67;BR0067;Brahman;5;260,6;1,19;2024-07-01;ativo;2025-01-13;525,8;1,133;17,53;325,6;5707,77;196;516,29;239916,02;54;4442,89;1,353;265,2;4959,18;18,7;748,59;4,21;Alta;2;Performance Média
68;BR0068;Angus;5;295,7;1,372;2024-07-01;ativo;2024-12-16;561,1;1,531;18,7;309,8;5793,26;168;524,19;239916,02;54;4442,89;1,58;265,4;4967,08;18,72;826,18;3,61;Alta;2;Performance Média
69;BR0069;Angus;3;302,2;1,329;2024-07-01;ativo;2024-11-18;534,1;1,306;17,8;344,2;6126,76;140;633,19;222144,47;50;4442,89;1,656;231,9;5076,08;21,89;1050,68;3,44;Alta;0;Alta Performance
70;BR0070;Brahman;1;229,5;0,991;2024-07-01;ativo;2025-04-07;522,9;0,992;17,43;324,6;5657,78;280;550,68;204372,94;46;4442,89;1,048;293,4;4993,57;17,02;664,21;5,44;Média;1;Baixa Performance
71;BR0071;Nelore;10;311,9;0,963;2024-07-01;ativo;2025-01-13;534,1;0,887;17,8;325,6;5795,68;196;555,56;226587,36;51;4442,89;1,134;222,2;4998,45;22,5;797,23;5,03;Alta;2;Performance Média
72;BR0072;Nelore;10;264,6;1,382;2024-07-01;ativo;2024-12-16;529,8;1,177;17,66;309,8;5471,07;168;535,11;226587,36;51;4442,89;1,579;265,2;4978,0;18,77;493,07;3,61;Alta;2;Performance Média
73;BR0073;Simental;6;289,0;1,242;2024-07-01;ativo;2024-12-16;528,5;1,222;17,62;309,8;5458,68;168;577,1;213258,69;48;4442,89;1,426;239,5;5019,99;20,96;438,69;4,0;Alta;2;Performance Média
74;BR0074;Cruzado Nelore;7;269,8;1,324;2024-07-01;ativo;2024-12-16;526,4;1,233;17,55;309,8;5436,99;168;543,43;253244,71;57;4442,89;1,527;256,6;4986,32;19,43;450,67;3,73;Alta;2;Performance Média
75;BR0075;Brahman;3;303,1;0,848;2024-07-01;ativo;2025-02-10;521,4;0,893;17,38;324,65;5642,42;224;543,11;222144,47;50;4442,89;0,975;218,3;4986,0;22,84;656,42;5,85;Média;2;Performance Média
76;BR0076;Nelore;9;305,3;0,908;2024-07-01;ativo;2025-02-10;529,8;0,921;17,66;324,65;5733,32;224;599,92;191044,25;43;4442,89;1,002;224,5;5042,81;22,46;690,51;5,69;Média;2;Performance Média
77;BR0077;Nelore;4;294,0;1,17;2024-07-01;ativo;2024-12-16;533,2;1,136;17,77;309,8;5505,15;168;597,88;199930,04;45;4442,89;1,424;239,2;5040,77;21,07;464,38;4,0;Alta;2;Performance Média
78;BR0078;Nelore;10;240,1;0,79;2024-07-01;ativo;2025-06-02;523,8;0,747;17,46;306,1;5344,51;336;560,15;226587,36;51;4442,89;0,844;283,7;5003,04;17,63;341,47;6,75;Baixa;1;Baixa Performance
79;BR0079;Simental;10;313,5;1,389;2024-07-01;ativo;2024-11-18;548,8;1,309;18,29;344,2;6295,42;140;591,23;226587,36;51;4442,89;1,681;235,3;5034,12;21,39;1261,3;3,39;Alta;0;Alta Performance
80;BR0080;Brahman;5;293,3;0,952;2024-07-01;ativo;2025-02-10;542,2;0,872;18,07;324,65;5866,43;224;595,89;239916,02;54;4442,89;1,111;248,9;5038,78;20,24;827,65;5,13;Alta;2;Performance Média
81;BR0081;Brahman;2;281,4;0,983;2024-07-01;ativo;2025-02-10;533,6;1,138;17,79;324,65;5775,52;224;1084,91;231030,27;52;4442,89;1,126;252,2;5527,8;21,92;247,72;5,06;Alta;2;Performance Média
82;BR0082;Nelore;8;292,9;1,075;2024-07-01;ativo;2025-01-13;528,0;1,006;17,6;325,6;5730,56;196;549,6;239916,02;54;4442,89;1,199;235,1;4992,49;21,24;738,07;4,75;Alta;2;Performance Média
83;BR0083;Brahman;3;249,3;0,995;2024-07-01;ativo;2025-03-10;528,6;0,983;17,62;311,45;5487,75;252;574,44;222144,47;50;4442,89;1,108;279,3;5017,33;17,96;470,42;5,14;Alta;1;Baixa Performance
84;BR0084;Cruzado Nelore;8;317,7;1,235;2024-07-01;ativo;2024-11-18;531,6;1,195;17,72;344,2;6099,22;140;685,18;239916,02;54;4442,89;1,528;213,9;5128,07;23,97;971,15;3,73;Alta;0;Alta Performance
85;BR0085;Simental;1;325,6;1,194;2024-07-01;ativo;2024-12-16;553,5;1,315;18,45;309,8;5715,81;168;496,06;204372,94;46;4442,89;1,357;227,9;4938,95;21,67;776,86;4,2;Alta;2;Performance Média
86;BR0086;Brahman;2;301,1;0,734;2024-07-01;ativo;2025-05-05;534,5;0,741;17,82;319,45;5692,6;308;1316,14;231030,27;52;4442,89;0,758;233,4;5759,03;24,67;-66,43;7,52;Baixa;1;Baixa Performance
87;BR0087;Nelore;2;319,0;1,042;2024-07-01;ativo;2024-12-16;529,2;1,142;17,64;309,8;5464,87;168;500,11;231030,27;52;4442,89;1,251;210,2;4943,0;23,52;521,87;4,56;Alta;2;Performance Média
88;BR0088;Brahman;5;277,2;1,078;2024-07-01;ativo;2025-01-13;520,4;1,1;17,35;325,6;5649,16;196;606,87;239916,02;54;4442,89;1,241;243,2;5049,76;20,76;599,4;4,59;Alta;2;Performance Média
89;BR0089;Simental;8;275,7;1,536;2024-07-01;ativo;2024-11-18;540,4;1,516;18,01;344,2;6199,04;140;1213,45;239916,02;54;4442,89;1,891;264,7;5656,34;21,37;542,7;3,01;Alta;0;Alta Performance
90;BR0090;Cruzado Nelore;2;294,6;1,172;2024-07-01;ativo;2025-01-13;551,6;1,161;18,39;325,6;5987,78;196;552,9;231030,27;52;4442,89;1,311;257,0;4995,79;19,44;991,99;4,35;Alta;2;Performance Média
91;BR0091;Nelore;5;300,9;1,096;2024-07-01;ativo;2025-01-13;545,4;1,089;18,18;325,6;5919,41;196;626,05;239916,02;54;4442,89;1,247;244,5;5068,94;20,73;850,47;4,57;Alta;2;Performance Média
92;BR0092;Nelore;3;302,9;1,222;2024-07-01;ativo;2024-12-16;548,9;1,166;18,3;309,8;5669,34;168;509,06;222144,47;50;4442,89;1,464;246,0;4951,95;20,13;717,39;3,89;Alta;2;Performance Média
93;BR0093;Nelore;9;280,2;1,236;2024-07-01;ativo;2024-12-16;531,3;1,272;17,71;309,8;5486,56;168;620,78;191044,25;43;4442,89;1,495;251,1;5063,67;20,17;422,89;3,81;Alta;2;Performance Média
94;BR0094;Nelore;9;275,2;1,221;2024-07-01;ativo;2024-12-16;520,4;1,206;17,35;309,8;5375,03;168;544,83;191044,25;43;4442,89;1,46;245,2;4987,72;20,34;387,31;3,91;Alta;2;Performance Média
95;BR0095;Cruzado Nelore;4;302,8;1,126;2024-07-01;ativo;2024-12-16;522,1;1,104;17,4;309,8;5390,52;168;538,25;199930,04;45;4442,89;1,305;219,3;4981,14;22,71;409,38;4,37;Alta;2;Performance Média
96;BR0096;Brahman;3;253,6;1,41;2024-07-01;ativo;2024-12-16;533,0;1,281;17,77;309,8;5505,15;168;521,02;222144,47;50;4442,89;1,663;279,4;4963,91;17,77;541,24;3,43;Alta;2;Performance Média
97;BR0097;Brahman;5;241,2;1,009;2024-07-01;ativo;2025-04-07;544,0;0,979;18,13;324,6;5885,0;280;531,16;239916,02;54;4442,89;1,081;302,8;4974,05;16,43;910,95;5,27;Média;1;Baixa Performance
98;BR0098;Cruzado Nelore;10;281,0;1,148;2024-07-01;ativo;2025-01-13;536,7;1,161;17,89;325,6;5824,98;196;606,17;226587,36;51;4442,89;1,305;255,7;5049,06;19,75;775,92;4,37;Alta;2;Performance Média
99;BR0099;Angus;2;303,8;1,395;2024-07-01;ativo;2024-11-18;529,1;1,262;17,64;344,2;6071,69;140;604,27;231030,27;52;4442,89;1,609;225,3;5047,16;22,4;1024,53;3,54;Alta;0;Alta Performance
100;BR0100;Simental;1;337,8;1,384;2024-07-01;ativo;2024-10-21;527,7;1,331;17,59;306,3;5387,82;112;541,73;204372,94;46;4442,89;1,696;189,9;4984,62;26,25;403,2;3,36;Alta;0;Alta Performance
101;BR0101;Nelore;10;284,9;0,949;2024-07-01;ativo;2025-03-10;544,3;0,982;18,14;311,45;5649,7;252;541,73;226587,36;51;4442,89;1,029;259,4;4984,62;19,22;665,08;5,54;Média;1;Baixa Performance
102;BR0102;Nelore;8;248,4;1,066;2024-07-01;ativo;2025-03-10;547,1;0,983;18,24;311,45;5680,85;252;628,42;239916,02;54;4442,89;1,185;298,7;5071,31;16,98;609,54;4,81;Alta;1;Baixa Performance
103;BR0103;Nelore;7;303,1;0,955;2024-07-01;ativo;2025-01-13;521,0;0,963;17,37;325,6;5655,67;196;519,3199999999999;253244,71;57;4442,89;1,112;217,9;4962,21;22,77;693,46;5,13;Alta;2;Performance Média
104;BR0104;Simental;3;306,7;1,531;2024-07-01;ativo;2024-11-18;555,2;1,472;18,51;344,2;6371,14;140;620,68;222144,47;50;4442,89;1,775;248,5;5063,57;20,38;1307,57;3,21;Alta;0;Alta Performance
105;BR0105;Cruzado Nelore;10;254,3;1,448;2024-07-01;ativo;2024-12-16;534,0;1,262;17,8;309,8;5514,44;168;586,64;226587,36;51;4442,89;1,665;279,7;5029,53;17,98;484,91;3,42;Alta;2;Performance Média
106;BR0106;Nelore;2;248,3;0,966;2024-07-01;ativo;2025-03-10;527,0;0,893;17,57;311,45;5472,18;252;526,76;231030,27;52;4442,89;1,106;278,7;4969,65;17,83;502,53;5,15;Alta;1;Baixa Performance
107;BR0107;Angus;1;316,5;1,101;2024-07-01;ativo;2024-12-16;524,8;1,09;17,49;309,8;5418,4;168;623,05;204372,94;46;4442,89;1,24;208,3;5065,94;24,32;352,46;4,6;Alta;2;Performance Média
108;BR0108;Brahman;1;259,2;0,638;2024-07-01;ativo;2025-07-28;526,1;0,623;17,54;292,65;5133,08;392;1156,92;204372,94;46;4442,89;0,681;266,9;5599,81;20,98;-466,73;8,37;Baixa;1;Baixa Performance
109;BR0109;Nelore;10;228,7;1,279;2024-07-01;ativo;2025-02-10;553,2;1,257;18,44;324,65;5986,55;224;597,01;226587,36;51;4442,89;1,449;324,5;5039,9;15,53;946,65;3,93;Alta;2;Performance Média
110;BR0110;Nelore;5;281,4;1,247;2024-07-01;ativo;2024-12-16;526,3;1,194;17,54;309,8;5433,89;168;550,44;239916,02;54;4442,89;1,458;244,9;4993,33;20,39;440,56;3,91;Alta;2;Performance Média
111;BR0111;Nelore;9;270,6;1,093;2024-07-01;ativo;2025-02-10;540,5;1,234;18,02;324,65;5850,19;224;549,96;191044,25;43;4442,89;1,205;269,9;4992,85;18,5;857,34;4,73;Alta;2;Performance Média
112;BR0112;Nelore;7;262,1;1,355;2024-07-01;ativo;2024-12-16;540,3;1,476;18,01;309,8;5579,5;168;588,87;253244,71;57;4442,89;1,656;278,2;5031,76;18,09;547,74;3,44;Alta;2;Performance Média
113;BR0113;Nelore;5;277,8;1,245;2024-07-01;ativo;2024-12-16;529,0;1,331;17,63;309,8;5461,77;168;644,8;239916,02;54;4442,89;1,495;251,2;5087,69;20,25;374,08;3,81;Alta;2;Performance Média
114;BR0114;Nelore;10;276,8;0,779;2024-07-01;ativo;2025-04-07;527,8;0,804;17,59;324,6;5709,71;280;997,9;226587,36;51;4442,89;0,896;251,0;5440,79;21,68;268,92;6,36;Média;1;Baixa Performance
115;BR0115;Nelore;4;264,0;0,782;2024-07-01;ativo;2025-05-05;525,1;0,769;17,5;319,45;5590,38;308;562,92;199930,04;45;4442,89;0,848;261,1;5005,81;19,17;584,57;6,72;Baixa;1;Baixa Performance
116;BR0116;Simental;1;326,8;1,619;2024-07-01;ativo;2024-10-21;552,5;1,711;18,42;306,3;5642,05;112;534,11;204372,94;46;4442,89;2,015;225,7;4977,0;22,05;665,05;2,83;Alta;0;Alta Performance
117;BR0117;Angus;3;279,7;1,372;2024-07-01;ativo;2024-12-16;551,3;1,368;18,38;309,8;5694,12;168;650,11;222144,47;50;4442,89;1,617;271,6;5093,0;18,75;601,12;3,53;Alta;2;Performance Média
118;BR0118;Cruzado Nelore;8;268,6;1,498;2024-07-01;ativo;2024-12-16;554,2;1,376;18,47;309,8;5722,01;168;587,48;239916,02;54;4442,89;1,7;285,6;5030,37;17,61;691,64;3,35;Alta;2;Performance Média
119;BR0119;Cruzado Nelore;8;270,4;1,186;2024-07-01;ativo;2025-01-13;544,3;1,149;18,14;325,6;5906,38;196;475,39;239916,02;54;4442,89;1,397;273,9;4918,28;17,96;988,1;4,08;Alta;2;Performance Média
120;BR0120;Nelore;9;285,9;0,831;2024-07-01;ativo;2025-04-07;542,1;0,883;18,07;324,6;5865,52;280;552,07;191044,25;43;4442,89;0,915;256,2;4994,96;19,5;870,56;6,23;Média;1;Baixa Performance
121;BR0121;Simental;2;325,5;1,347;2024-07-01;ativo;2024-11-18;552,7;1,372;18,42;344,2;6340,16;140;989,87;231030,27;52;4442,89;1,623;227,2;5432,76;23,91;907,4;3,51;Alta;0;Alta Performance
122;BR0122;Nelore;5;284,4;0,953;2024-07-01;ativo;2025-02-10;523,8;1,06;17,46;324,65;5668,39;224;599,89;239916,02;54;4442,89;1,069;239,4;5042,78;21,06;625,61;5,33;Média;2;Performance Média
123;BR0123;Simental;5;320,1;1,308;2024-07-01;ativo;2024-11-18;554,7;1,439;18,49;344,2;6364,26;140;1053,27;239916,02;54;4442,89;1,676;234,6;5496,16;23,43;868,1;3,4;Alta;0;Alta Performance
124;BR0124;Cruzado Nelore;5;282,1;1,408;2024-07-01;ativo;2024-11-18;522,8;1,464;17,43;344,2;5999,41;140;533,93;239916,02;54;4442,89;1,719;240,7;4976,82;20,68;1022,59;3,32;Alta;0;Alta Performance
125;BR0125;Angus;1;282,6;1,346;2024-07-01;ativo;2024-12-16;548,2;1,39;18,27;309,8;5660,05;168;556,62;204372,94;46;4442,89;1,581;265,6;4999,51;18,82;660,54;3,61;Alta;2;Performance Média
126;BR0126;Cruzado Nelore;6;295,0;1,069;2024-07-01;ativo;2025-01-13;544,3;1,056;18,14;325,6;5906,38;196;496,7;213258,69;48;4442,89;1,272;249,3;4939,59;19,81;966,79;4,48;Alta;2;Performance Média
127;BR0127;Cruzado Nelore;6;318,6;1,163;2024-07-01;ativo;2024-12-16;548,6;1,195;18,29;309,8;5666,24;168;497,25;213258,69;48;4442,89;1,369;230,0;4940,14;21,48;726,1;4,16;Alta;2;Performance Média
128;BR0128;Simental;7;308,7;1,732;2024-07-01;ativo;2024-10-21;550,2;1,878;18,34;306,3;5617,54;112;651,88;253244,71;57;4442,89;2,156;241,5;5094,77;21,1;522,77;2,64;Alta;0;Alta Performance
129;BR0129;Cruzado Nelore;3;324,8;1,317;2024-07-01;ativo;2024-11-18;556,4;1,357;18,55;344,2;6384,91;140;489,1;222144,47;50;4442,89;1,654;231,6;4931,99;21,3;1452,92;3,45;Alta;0;Alta Performance
130;BR0130;Simental;2;324,1;1,308;2024-07-01;ativo;2024-11-18;542,8;1,351;18,09;344,2;6226,58;140;631,79;231030,27;52;4442,89;1,562;218,7;5074,68;23,2;1151,9;3,65;Alta;0;Alta Performance
131;BR0131;Brahman;2;246,3;0,501;2024-07-01;ativo;2025-10-20;503,9;0,507;16,8;310,2;5211,36;476;492,78;231030,27;52;4442,89;0,541;257,6;4935,67;19,16;275,69;10,53;Baixa;1;Baixa Performance
132;BR0132;Nelore;7;310,0;1,065;2024-07-01;ativo;2025-01-13;549,0;1,051;18,3;325,6;5958,48;196;595,56;253244,71;57;4442,89;1,219;239,0;5038,45;21,08;920,03;4,67;Alta;2;Performance Média
133;BR0133;Angus;10;329,4;1,366;2024-07-01;ativo;2024-11-18;546,6;1,329;18,22;344,2;6271,32;140;531,22;226587,36;51;4442,89;1,551;217,2;4974,11;22,9;1297,21;3,67;Alta;0;Alta Performance
134;BR0134;Simental;8;285,9;1,291;2024-07-01;ativo;2024-12-16;536,8;1,401;17,89;309,8;5542,32;168;1107,02;239916,02;54;4442,89;1,493;250,9;5549,91;22,12;-7,59;3,82;Alta;2;Performance Média
135;BR0135;Nelore;3;249,5;1,291;2024-07-01;ativo;2025-01-13;535,6;1,399;17,85;325,6;5811,96;196;590,88;222144,47;50;4442,89;1,46;286,1;5033,77;17,59;778,19;3,9;Alta;2;Performance Média
136;BR0136;Angus;6;356,8;1,052;2024-07-01;ativo;2024-11-18;526,6;0,938;17,55;344,2;6040,71;140;565,29;213258,69;48;4442,89;1,213;169,8;5008,18;29,49;1032,53;4,7;Alta;0;Alta Performance
137;BR0137;Brahman;9;281,2;0,749;2024-07-01;ativo;2025-05-05;527,6;0,716;17,59;319,45;5619,13;308;525,34;191044,25;43;4442,89;0,8;246,4;4968,23;20,16;650,9;7,12;Baixa;1;Baixa Performance
138;BR0138;Cruzado Nelore;2;336,1;1,089;2024-07-01;ativo;2024-11-18;523,9;1,225;17,46;344,2;6009,73;140;558,6899999999999;231030,27;52;4442,89;1,341;187,8;5001,58;26,63;1008,15;4,25;Alta;0;Alta Performance
139;BR0139;Brahman;2;282,3;0,834;2024-07-01;ativo;2025-04-07;525,6;0,862;17,52;324,6;5686,99;280;547,6899999999999;231030,27;52;4442,89;0,869;243,3;4990,58;20,51;696,41;6,56;Média;1;Baixa Performance
140;BR0140;Nelore;10;277,9;0,843;2024-07-01;ativo;2025-04-07;532,4;0,74;17,75;324,6;5761,65;280;551,42;226587,36;51;4442,89;0,909;254,5;4994,31;19,62;767,34;6,27;Média;1;Baixa Performance
141;BR0141;Cruzado Nelore;9;287,5;0,994;2024-07-01;ativo;2025-02-10;536,6;1,03;17,89;324,65;5807,99;224;538,98;191044,25;43;4442,89;1,112;249,1;4981,87;20,0;826,12;5,13;Alta;2;Performance Média
142;BR0142;Nelore;8;319,3;1,011;2024-07-01;ativo;2025-01-13;544,6;1,048;18,15;325,6;5909,64;196;584,2;239916,02;54;4442,89;1,149;225,3;5027,09;22,31;882,55;4,96;Alta;2;Performance Média
143;BR0143;Cruzado Nelore;1;312,0;1,032;2024-07-01;ativo;2025-01-13;541,1;1,062;18,04;325,6;5873,82;196;563,98;204372,94;46;4442,89;1,169;229,1;5006,87;21,85;866,95;4,88;Alta;2;Performance Média
144;BR0144;Brahman;8;270,5;1,019;2024-07-01;ativo;2025-02-10;527,1;0,967;17,57;324,65;5704,1;224;470,28;239916,02;54;4442,89;1,146;256,6;4913,17;19,15;790,93;4,98;Alta;2;Performance Média
145;BR0145;Angus;8;279,7;1,496;2024-07-01;ativo;2024-11-18;534,2;1,492;17,81;344,2;6130,2;140;566,71;239916,02;54;4442,89;1,818;254,5;5009,6;19,68;1120,6;3,14;Alta;0;Alta Performance
146;BR0146;Cruzado Nelore;7;303,0;1,001;2024-07-01;ativo;2025-01-13;529,1;1,194;17,64;325,6;5743,58;196;540,77;253244,71;57;4442,89;1,154;226,1;4983,66;22,04;759,92;4,94;Alta;2;Performance Média
147;BR0147;Angus;10;290,6;1,264;2024-07-01;ativo;2024-12-16;538,3;1,223;17,94;309,8;5557,81;168;520,5;226587,36;51;4442,89;1,474;247,7;4963,39;20,04;594,42;3,87;Alta;2;Performance Média
148;BR0148;Nelore;7;262,6;1,005;2024-07-01;ativo;2025-03-10;539,2;0,966;17,97;311,45;5596,76;252;577,13;253244,71;57;4442,89;1,098;276,6;5020,02;18,15;576,74;5,19;Média;1;Baixa Performance
149;BR0149;Nelore;9;267,1;0,834;2024-07-01;ativo;2025-04-07;528,3;0,957;17,61;324,6;5716,21;280;528,24;191044,25;43;4442,89;0,933;261,2;4971,13;19,03;745,08;6,11;Média;1;Baixa Performance
150;BR0150;Cruzado Nelore;3;328,7;1,318;2024-07-01;ativo;2024-11-18;549,2;1,374;18,31;344,2;6302,3;140;1665,18;222144,47;50;4442,89;1,575;220,5;6108,07;27,7;194,23;3,62;Alta;0;Alta Performance
151;BR0151;Brahman;6;321,5;0,813;2024-07-01;ativo;2025-02-10;525,2;0,896;17,51;324,65;5684,62;224;1422,41;213258,69;48;4442,89;0,909;203,7;5865,3;28,79;-180,68;6,27;Média;0;Alta Performance
152;BR0152;Brahman;3;261,2;1,298;2024-07-01;ativo;2025-01-13;536,4;1,206;17,88;325,6;5821,73;196;580,34;222144,47;50;4442,89;1,404;275,2;5023,23;18,25;798,5;4,06;Alta;2;Performance Média
153;BR0153;Nelore;2;294,2;0,992;2024-07-01;ativo;2025-02-10;545,3;1,058;18,18;324,65;5902,14;224;515,34;231030,27;52;4442,89;1,121;251,1;4958,23;19,75;943,91;5,08;Alta;2;Performance Média
154;BR0154;Nelore;9;238,4;1,046;2024-07-01;ativo;2025-03-10;529,4;1,024;17,65;311,45;5497,09;252;664,08;191044,25;43;4442,89;1,155;291,0;5106,97;17,55;390,12;4,94;Alta;1;Baixa Performance
155;BR0155;Nelore;8;267,0;0,953;2024-07-01;ativo;2025-03-10;530,7;0,948;17,69;311,45;5509,55;252;576,75;239916,02;54;4442,89;1,046;263,7;5019,64;19,04;489,91;5,45;Média;1;Baixa Performance
156;BR0156;Cruzado Nelore;8;296,0;0,992;2024-07-01;ativo;2025-02-10;535,7;1,049;17,86;324,65;5798,25;224;648,25;239916,02;54;4442,89;1,07;239,7;5091,14;21,24;707,11;5,33;Média;2;Performance Média
157;BR0157;Brahman;6;285,9;0,982;2024-07-01;ativo;2025-01-13;520,2;1,023;17,34;325,6;5645,9;196;541,26;213258,69;48;4442,89;1,195;234,3;4984,15;21,27;661,75;4,77;Alta;2;Performance Média
158;BR0158;Simental;9;355,9;1,287;2024-07-01;ativo;2024-10-21;532,2;1,299;17,74;306,3;5433,76;112;527,63;191044,25;43;4442,89;1,574;176,3;4970,52;28,19;463,24;3,62;Alta;0;Alta Performance
159;BR0159;Cruzado Nelore;5;260,1;1,647;2024-07-01;ativo;2024-11-18;538,2;1,642;17,94;344,2;6174,95;140;529,41;239916,02;54;4442,89;1,986;278,1;4972,3;17,88;1202,65;2,87;Alta;0;Alta Performance
160;BR0160;Nelore;1;264,7;0,689;2024-07-01;ativo;2025-06-30;523,8;0,516;17,46;317,4;5541,8;364;599,9300000000001;204372,94;46;4442,89;0,712;259,1;5042,82;19,46;498,98;8,01;Baixa;1;Baixa Performance
161;BR0161;Cruzado Nelore;6;331,9;1,201;2024-07-01;ativo;2024-11-18;530,4;1,196;17,68;344,2;6085,46;140;511,79;213258,69;48;4442,89;1,418;198,5;4954,68;24,96;1130,78;4,02;Alta;0;Alta Performance
162;BR0162;Brahman;3;268,7;0,684;2024-07-01;ativo;2025-06-30;534,1;0,682;17,8;317,4;5649,72;364;567,05;222144,47;50;4442,89;0,729;265,4;5009,94;18,88;639,78;7,82;Baixa;1;Baixa Performance
163;BR0163;Nelore;7;262,8;0,973;2024-07-01;ativo;2025-03-10;535,0;0,994;17,83;311,45;5553,15;252;533,9;253244,71;57;4442,89;1,08;272,2;4976,79;18,28;576,36;5,28;Média;1;Baixa Performance
164;BR0164;Angus;4;322,5;1,068;2024-07-01;ativo;2024-12-16;527,1;1,16;17,57;309,8;5443,19;168;442,48;199930,04;45;4442,89;1,218;204,6;4885,37;23,88;557,82;4,68;Alta;2;Performance Média
165;BR0165;Nelore;8;302,1;1,204;2024-07-01;ativo;2024-12-16;535,5;1,118;17,85;309,8;5529,93;168;526,41;239916,02;54;4442,89;1,389;233,4;4969,3;21,29;560,63;4,1;Alta;2;Performance Média
166;BR0166;Brahman;5;265,7;0,985;2024-07-01;ativo;2025-03-10;536,5;0,997;17,88;311,45;5568,73;252;1316,43;239916,02;54;4442,89;1,075;270,8;5759,32;21,27;-190,59;5,3;Média;1;Baixa Performance
167;BR0167;Cruzado Nelore;3;298,4;1,167;2024-07-01;ativo;2024-12-16;532,4;1,281;17,75;309,8;5498,95;168;554,63;222144,47;50;4442,89;1,393;234,0;4997,52;21,36;501,43;4,09;Alta;2;Performance Média
168;BR0168;Nelore;8;289,8;1,366;2024-07-01;ativo;2024-11-18;529,0;1,326;17,63;344,2;6068,25;140;470,84;239916,02;54;4442,89;1,709;239,2;4913,73;20,54;1154,52;3,34;Alta;0;Alta Performance
169;BR0169;Cruzado Nelore;3;310,3;1,271;2024-07-01;ativo;2024-11-18;529,0;1,364;17,63;344,2;6068,25;140;518,65;222144,47;50;4442,89;1,562;218,7;4961,54;22,69;1106,71;3,65;Alta;0;Alta Performance
170;BR0170;Nelore;10;290,9;1,257;2024-07-01;ativo;2024-12-16;539,6;1,311;17,99;309,8;5573,3;168;572,17;226587,36;51;4442,89;1,48;248,7;5015,06;20,17;558,24;3,85;Alta;2;Performance Média
171;BR0171;Simental;2;336,4;1,01;2024-07-01;ativo;2024-12-16;531,8;0,916;17,73;309,8;5492,75;168;1038,05;231030,27;52;4442,89;1,163;195,4;5480,94;28,05;11,81;4,9;Alta;0;Alta Performance
172;BR0172;Cruzado Nelore;3;254,2;0,958;2024-07-01;ativo;2025-03-10;523,6;0,876;17,45;311,45;5434,8;252;517,27;222144,47;50;4442,89;1,069;269,4;4960,16;18,41;474,64;5,33;Média;1;Baixa Performance
173;BR0173;Brahman;1;223,5;1,282;2024-07-01;ativo;2025-02-10;540,2;1,191;18,01;324,65;5846,95;224;533,6800000000001;204372,94;46;4442,89;1,414;316,7;4976,57;15,71;870,38;4,03;Alta;2;Performance Média
174;BR0174;Nelore;5;275,2;1,215;2024-07-01;ativo;2025-01-13;542,9;1,186;18,1;325,6;5893,36;196;1635,5;239916,02;54;4442,89;1,366;267,7;6078,39;22,71;-185,03;4,17;Alta;2;Performance Média
175;BR0175;Simental;6;302,3;1,349;2024-07-01;ativo;2024-11-18;529,4;1,357;17,65;344,2;6075,13;140;519,76;213258,69;48;4442,89;1,622;227,1;4962,65;21,85;1112,48;3,51;Alta;0;Alta Performance
176;BR0176;Nelore;4;298,3;1,268;2024-07-01;ativo;2024-12-16;543,0;1,343;18,1;309,8;5607,38;168;530,68;199930,04;45;4442,89;1,457;244,7;4973,57;20,33;633,81;3,91;Alta;2;Performance Média
177;BR0177;Cruzado Nelore;7;307,7;1,581;2024-07-01;ativo;2024-10-21;531,7;1,678;17,72;306,3;5427,64;112;541,59;253244,71;57;4442,89;2,0;224,0;4984,48;22,25;443,16;2,85;Alta;0;Alta Performance
178;BR0178;Brahman;1;289,4;1,109;2024-07-01;ativo;2025-01-13;533,2;1,163;17,77;325,6;5785,91;196;575,42;204372,94;46;4442,89;1,244;243,8;5018,31;20,58;767,6;4,58;Alta;2;Performance Média
179;BR0179;Nelore;10;310,2;1,13;2024-07-01;ativo;2025-01-13;550,9;1,15;18,36;325,6;5978,02;196;1080,12;226587,36;51;4442,89;1,228;240,7;5523,01;22,95;455,01;4,64;Alta;2;Performance Média
180;BR0180;Nelore;5;305,7;0,961;2024-07-01;ativo;2025-02-10;544,5;0,892;18,15;324,65;5892,4;224;525,93;239916,02;54;4442,89;1,066;238,8;4968,82;20,81;923,58;5,35;Média;2;Performance Média
181;BR0181;Angus;3;338,3;1,165;2024-07-01;ativo;2024-11-18;534,7;1,139;17,82;344,2;6133,64;140;551,76;222144,47;50;4442,89;1,403;196,4;4994,65;25,43;1138,99;4,06;Alta;0;Alta Performance
182;BR0182;Brahman;5;237,4;1,012;2024-07-01;ativo;2025-03-10;521,4;1,107;17,38;311,45;5413,0;252;534,6;239916,02;54;4442,89;1,127;284,0;4977,49;17,53;435,51;5,06;Alta;1;Baixa Performance
183;BR0183;Cruzado Nelore;6;292,8;1,212;2024-07-01;ativo;2024-12-16;530,6;1,26;17,69;309,8;5480,36;168;531,3299999999999;213258,69;48;4442,89;1,415;237,8;4974,22;20,92;506,14;4,03;Alta;2;Performance Média
184;BR0184;Angus;10;323,1;1,24;2024-07-01;ativo;2024-11-18;529,1;1,135;17,64;344,2;6071,69;140;543,0699999999999;226587,36;51;4442,89;1,471;206,0;4985,96;24,2;1085,73;3,87;Alta;0;Alta Performance
185;BR0185;Brahman;8;318,9;0,978;2024-07-01;ativo;2025-01-13;545,7;1,096;18,19;325,6;5922,66;196;912,16;239916,02;54;4442,89;1,157;226,8;5355,05;23,61;567,61;4,93;Alta;2;Performance Média
186;BR0186;Cruzado Nelore;4;297,2;1,288;2024-07-01;ativo;2024-12-16;551,6;1,36;18,39;309,8;5697,22;168;563,64;199930,04;45;4442,89;1,514;254,4;5006,53;19,68;690,69;3,76;Alta;2;Performance Média
187;BR0187;Cruzado Nelore;9;282,9;1,397;2024-07-01;ativo;2024-11-18;529,4;1,543;17,65;344,2;6075,13;140;911,68;191044,25;43;4442,89;1,761;246,5;5354,57;21,72;720,56;3,24;Alta;0;Alta Performance
188;BR0188;Angus;6;313,7;1,268;2024-07-01;ativo;2024-11-18;524,9;1,163;17,5;344,2;6023,5;140;491,3;213258,69;48;4442,89;1,509;211,2;4934,19;23,36;1089,31;3,78;Alta;0;Alta Performance
189;BR0189;Simental;10;313,4;1,22;2024-07-01;ativo;2024-12-16;549,6;1,203;18,32;309,8;5675,54;168;504,81;226587,36;51;4442,89;1,406;236,2;4947,7;20,95;727,84;4,05;Alta;2;Performance Média
190;BR0190;Cruzado Nelore;8;296,1;1,358;2024-07-01;ativo;2024-11-18;523,7;1,364;17,46;344,2;6009,73;140;577,31;239916,02;54;4442,89;1,626;227,6;5020,2;22,06;989,53;3,51;Alta;0;Alta Performance
191;BR0191;Brahman;10;297,9;0,798;2024-07-01;ativo;2025-03-10;522,7;0,736;17,42;311,45;5425,46;252;1099,7;226587,36;51;4442,89;0,892;224,8;5542,59;24,66;-117,13;6,39;Média;1;Baixa Performance
192;BR0192;Cruzado Nelore;6;312,0;0,709;2024-07-01;ativo;2025-04-07;531,9;0,729;17,73;324,6;5755,16;280;527,96;213258,69;48;4442,89;0,785;219,9;4970,85;22,61;784,31;7,26;Baixa;1;Baixa Performance
193;BR0193;Nelore;1;305,4;0,886;2024-07-01;ativo;2025-02-10;536,5;0,983;17,88;324,65;5804,74;224;608,04;204372,94;46;4442,89;1,032;231,1;5050,93;21,86;753,81;5,52;Média;2;Performance Média
194;BR0194;Brahman;4;279,4;0,613;2024-07-01;ativo;2025-07-28;533,5;0,589;17,78;292,65;5203,32;392;553,54;199930,04;45;4442,89;0,648;254,1;4996,43;19,66;206,89;8,79;Baixa;1;Baixa Performance
195;BR0195;Angus;6;305,4;1,375;2024-07-01;ativo;2024-11-18;541,9;1,248;18,06;344,2;6216,25;140;591,32;213258,69;48;4442,89;1,689;236,5;5034,21;21,29;1182,04;3,37;Alta;0;Alta Performance
196;BR0196;Nelore;1;281,6;0,753;2024-07-01;ativo;2025-05-05;527,0;0,622;17,57;319,45;5612,74;308;503,3;204372,94;46;4442,89;0,797;245,4;4946,19;20,16;666,55;7,15;Baixa;1;Baixa Performance
197;BR0197;Simental;8;314,6;1,112;2024-07-01;ativo;2024-12-16;537,7;1,251;17,92;309,8;5551,62;168;527,76;239916,02;54;4442,89;1,328;223,1;4970,65;22,28;580,97;4,29;Alta;2;Performance Média
198;BR0198;Angus;7;296,4;1,277;2024-07-01;ativo;2024-11-18;520,8;1,337;17,36;344,2;5975,31;140;525,42;253244,71;57;4442,89;1,603;224,4;4968,31;22,14;1007,0;3,56;Alta;0;Alta Performance
199;BR0199;Angus;1;298,7;1,453;2024-07-01;ativo;2024-11-18;543,6;1,429;18,12;344,2;6236,9;140;888,09;204372,94;46;4442,89;1,749;244,9;5330,98;21,77;905,92;3,26;Alta;0;Alta Performance
200;BR0200;Nelore;2;331,4;0,829;2024-07-01;ativo;2025-01-13;528,4;0,882;17,61;325,6;5733,82;196;518,4399999999999;231030,27;52;4442,89;1,005;197,0;4961,33;25,18;772,49;5,67;Média;2;Performance Média
201;BR0201;Nelore;6;284,7;1,414;2024-07-01;ativo;2024-11-18;521,3;1,481;17,38;344,2;5982,2;140;539,72;213258,69;48;4442,89;1,69;236,6;4982,61;21,06;999,59;3,37;Alta;0;Alta Performance
202;BR0202;Angus;4;334,9;0,877;2024-07-01;ativo;2025-01-13;541,8;0,925;18,06;325,6;5880,34;196;1093,31;199930,04;45;4442,89;1,056;206,9;5536,2;26,76;344,14;5,4;Média;0;Alta Performance
203;BR0203;Nelore;2;251,8;0,894;2024-07-01;ativo;2025-04-07;527,1;0,848;17,57;324,6;5703,22;280;489,86;231030,27;52;4442,89;0,983;275,3;4932,75;17,92;770,47;5,8;Média;1;Baixa Performance
204;BR0204;Angus;1;328,7;1,479;2024-07-01;ativo;2024-10-21;526,2;1,472;17,54;306,3;5372,5;112;494,66;204372,94;46;4442,89;1,763;197,5;4937,55;25,0;434,95;3,23;Alta;0;Alta Performance
205;BR0205;Brahman;8;254,6;0,813;2024-07-01;ativo;2025-05-05;520,7;0,94;17,36;319,45;5545,65;308;1219,92;239916,02;54;4442,89;0,864;266,1;5662,81;21,28;-117,16;6,6;Média;1;Baixa Performance
206;BR0206;Nelore;1;269,5;1,148;2024-07-01;ativo;2025-01-13;528,5;1,004;17,62;325,6;5737,07;196;597,9;204372,94;46;4442,89;1,321;259,0;5040,79;19,46;696,28;4,31;Alta;2;Performance Média
207;BR0207;Brahman;8;287,2;1,087;2024-07-01;ativo;2025-01-13;527,9;1,093;17,6;325,6;5730,56;196;563,26;239916,02;54;4442,89;1,228;240,7;5006,15;20,8;724,41;4,64;Alta;2;Performance Média
208;BR0208;Cruzado Nelore;4;299,7;1,198;2024-07-01;ativo;2024-12-16;537,3;1,309;17,91;309,8;5548,52;168;612,98;199930,04;45;4442,89;1,414;237,6;5055,87;21,28;492,65;4,03;Alta;2;Performance Média
209;BR0209;Simental;7;314,5;1,12;2024-07-01;ativo;2024-12-16;530,7;1,102;17,69;309,8;5480,36;168;507,65;253244,71;57;4442,89;1,287;216,2;4950,54;22,9;529,82;4,43;Alta;2;Performance Média
210;BR0210;Cruzado Nelore;2;301,5;0,912;2024-07-01;ativo;2025-02-10;532,2;0,947;17,74;324,65;5759,29;224;790,38;231030,27;52;4442,89;1,03;230,7;5233,27;22,68;526,02;5,53;Média;2;Performance Média
211;BR0211;Cruzado Nelore;10;284,5;1,349;2024-07-01;ativo;2024-12-16;553,3;1,56;18,44;309,8;5712,71;168;1048,34;226587,36;51;4442,89;1,6;268,8;5491,23;20,43;221,48;3,56;Alta;2;Performance Média
212;BR0212;Cruzado Nelore;4;288,4;1,132;2024-07-01;ativo;2025-01-13;547,8;1,118;18,26;325,6;5945,46;196;642,6700000000001;199930,04;45;4442,89;1,323;259,4;5085,56;19,61;859,9;4,31;Alta;2;Performance Média
213;BR0213;Brahman;2;294,9;0,473;2024-07-01;ativo;2025-09-22;526,7;0,519;17,56;304,45;5346,14;448;566,29;231030,27;52;4442,89;0,517;231,8;5009,18;21,61;336,96;11,02;Baixa;1;Baixa Performance
214;BR0214;Cruzado Nelore;8;287,9;1,199;2024-07-01;ativo;2024-12-16;525,5;1,287;17,52;309,8;5427,7;168;529,44;239916,02;54;4442,89;1,414;237,6;4972,33;20,93;455,37;4,03;Alta;2;Performance Média
215;BR0215;Simental;2;293,3;1,279;2024-07-01;ativo;2024-12-16;548,7;1,298;18,29;309,8;5666,24;168;562,38;231030,27;52;4442,89;1,52;255,4;5005,27;19,6;660,97;3,75;Alta;2;Performance Média
216;BR0216;Nelore;9;286,2;0,708;2024-07-01;ativo;2025-06-02;524,2;0,65;17,47;306,1;5347,57;336;525,54;191044,25;43;4442,89;0,708;238,0;4968,43;20,88;379,14;8,05;Baixa;1;Baixa Performance
217;BR0217;Nelore;4;283,4;1,013;2024-07-01;ativo;2025-02-10;547,4;1,061;18,25;324,65;5924,86;224;502,89;199930,04;45;4442,89;1,179;264,0;4945,78;18,73;979,08;4,84;Alta;2;Performance Média
218;BR0218;Nelore;5;285,9;1,175;2024-07-01;ativo;2025-01-13;544,4;1,094;18,15;325,6;5909,64;196;480,58;239916,02;54;4442,89;1,319;258,5;4923,47;19,05;986,17;4,32;Alta;2;Performance Média
219;BR0219;Nelore;1;247,4;1,16;2024-07-01;ativo;2025-02-10;532,3;1,087;17,74;324,65;5759,29;224;515,56;204372,94;46;4442,89;1,272;284,9;4958,45;17,4;800,84;4,48;Alta;2;Performance Média
220;BR0220;Angus;5;346,2;1,246;2024-07-01;ativo;2024-10-21;522,5;1,329;17,42;306,3;5335,75;112;1730,77;239916,02;54;4442,89;1,574;176,3;6173,66;35,02;-837,91;3,62;Alta;0;Alta Performance
221;BR0221;Nelore;9;285,1;1,247;2024-07-01;ativo;2024-12-16;526,5;1,207;17,55;309,8;5436,99;168;540,7;191044,25;43;4442,89;1,437;241,4;4983,59;20,64;453,4;3,97;Alta;2;Performance Média
222;BR0222;Angus;5;333,7;1,296;2024-07-01;ativo;2024-11-18;545,3;1,252;18,18;344,2;6257,56;140;519,6;239916,02;54;4442,89;1,511;211,6;4962,49;23,45;1295,07;3,77;Alta;0;Alta Performance
223;BR0223;Nelore;6;267,5;1,055;2024-07-01;ativo;2025-02-10;538,2;0,969;17,94;324,65;5824,22;224;598,18;213258,69;48;4442,89;1,208;270,7;5041,07;18,62;783,15;4,72;Alta;2;Performance Média
224;BR0224;Cruzado Nelore;10;298,7;1,006;2024-07-01;ativo;2025-02-10;549,2;1,115;18,31;324,65;5944,34;224;511,57;226587,36;51;4442,89;1,118;250,5;4954,46;19,78;989,88;5,1;Alta;2;Performance Média
225;BR0225;Nelore;4;275,5;1,292;2024-07-01;ativo;2025-01-13;557,6;1,498;18,59;325,6;6052,9;196;493,54;199930,04;45;4442,89;1,439;282,1;4936,43;17,5;1116,47;3,96;Alta;2;Performance Média
226;BR0226;Cruzado Nelore;2;306,5;0,817;2024-07-01;ativo;2025-03-10;535,2;0,87;17,84;311,45;5556,27;252;588,41;231030,27;52;4442,89;0,908;228,7;5031,3;22,0;524,97;6,28;Média;1;Baixa Performance
227;BR0227;Nelore;4;244,9;1,025;2024-07-01;ativo;2025-03-10;533,4;1,025;17,78;311,45;5537,58;252;573,99;199930,04;45;4442,89;1,145;288,5;5016,88;17,39;520,7;4,98;Alta;1;Baixa Performance
228;BR0228;Nelore;2;284,7;1,097;2024-07-01;ativo;2025-01-13;529,2;1,165;17,64;325,6;5743,58;196;557,65;231030,27;52;4442,89;1,247;244,5;5000,54;20,45;743,04;4,57;Alta;2;Performance Média
229;BR0229;Brahman;8;227,6;0,873;2024-07-01;ativo;2025-05-05;530,5;0,885;17,68;319,45;5647,88;308;528,56;239916,02;54;4442,89;0,983;302,9;4971,45;16,41;676,43;5,8;Média;1;Baixa Performance
230;BR0230;Cruzado Nelore;10;334,5;1,141;2024-07-01;ativo;2024-11-18;523,1;1,183;17,44;344,2;6002,85;140;568,15;226587,36;51;4442,89;1,347;188,6;5011,04;26,57;991,81;4,23;Alta;0;Alta Performance
231;BR0231;Angus;1;329,7;1,143;2024-07-01;ativo;2024-12-16;546,1;1,151;18,2;309,8;5638,36;168;569,29;204372,94;46;4442,89;1,288;216,4;5012,18;23,16;626,18;4,43;Alta;2;Performance Média
232;BR0232;Nelore;8;278,5;1,174;2024-07-01;ativo;2025-01-13;550,0;1,234;18,33;325,6;5968,25;196;583,27;239916,02;54;4442,89;1,385;271,5;5026,16;18,51;942,09;4,11;Alta;2;Performance Média
233;BR0233;Cruzado Nelore;5;320,7;1,281;2024-07-01;ativo;2024-11-18;538,4;1,317;17,95;344,2;6178,39;140;479,45;239916,02;54;4442,89;1,555;217,7;4922,34;22,61;1256,05;3,67;Alta;0;Alta Performance
234;BR0234;Brahman;9;260,9;1,089;2024-07-01;ativo;2025-02-10;537,1;1,024;17,9;324,65;5811,23;224;551,34;191044,25;43;4442,89;1,233;276,2;4994,23;18,08;817,0;4,62;Alta;2;Performance Média
235;BR0235;Brahman;10;264,3;0,977;2024-07-01;ativo;2025-03-10;542,1;1,008;18,07;311,45;5627,9;252;521,93;226587,36;51;4442,89;1,102;277,8;4964,82;17,87;663,08;5,17;Alta;1;Baixa Performance
236;BR0236;Nelore;7;288,6;1,092;2024-07-01;ativo;2025-01-13;530,3;1,195;17,68;325,6;5756,61;196;1032,25;253244,71;57;4442,89;1,233;241,7;5475,14;22,65;281,47;4,62;Alta;2;Performance Média
237;BR0237;Brahman;5;231,0;0,889;2024-07-01;ativo;2025-06-02;542,9;0,831;18,1;306,1;5540,41;336;547,36;239916,02;54;4442,89;0,928;311,9;4990,25;16,0;550,16;6,14;Média;1;Baixa Performance
238;BR0238;Cruzado Nelore;7;291,1;1,121;2024-07-01;ativo;2025-01-13;541,8;1,155;18,06;325,6;5880,34;196;1054,08;253244,71;57;4442,89;1,279;250,7;5496,97;21,93;383,37;4,46;Alta;2;Performance Média
239;BR0239;Cruzado Nelore;7;322,1;0,635;2024-07-01;ativo;2025-04-07;522,1;0,625;17,4;324,6;5648,04;280;572,6800000000001;253244,71;57;4442,89;0,714;200,0;5015,57;25,08;632,47;7,98;Baixa;1;Baixa Performance
240;BR0240;Nelore;2;251,9;1,15;2024-07-01;ativo;2025-02-10;551,5;1,242;18,38;324,65;5967,07;224;497,71;231030,27;52;4442,89;1,338;299,6;4940,6;16,49;1026,47;4,26;Alta;2;Performance Média
241;BR0241;Cruzado Nelore;7;244,4;1,397;2024-07-01;ativo;2024-12-16;524,7;1,424;17,49;309,8;5418,4;168;531,97;253244,71;57;4442,89;1,668;280,3;4974,86;17,75;443,54;3,42;Alta;2;Performance Média
242;BR0242;Nelore;6;288,3;0,664;2024-07-01;ativo;2025-06-02;538,4;0,739;17,95;306,1;5494,5;336;513,4200000000001;213258,69;48;4442,89;0,744;250,1;4956,31;19,82;538,19;7,66;Baixa;1;Baixa Performance
243;BR0243;Nelore;10;297,4;1,107;2024-07-01;ativo;2025-01-13;546,5;1,122;18,22;325,6;5932,43;196;725,03;226587,36;51;4442,89;1,271;249,1;5167,92;20,75;764,51;4,48;Alta;2;Performance Média
244;BR0244;Cruzado Nelore;2;273,1;0,699;2024-07-01;ativo;2025-06-30;533,4;0,774;17,78;317,4;5643,37;364;671,05;231030,27;52;4442,89;0,715;260,3;5113,94;19,65;529,43;7,97;Baixa;1;Baixa Performance
245;BR0245;Nelore;3;281,6;1,263;2024-07-01;ativo;2024-12-16;524,7;1,139;17,49;309,8;5418,4;168;644,33;222144,47;50;4442,89;1,447;243,1;5087,22;20,93;331,18;3,94;Alta;2;Performance Média
246;BR0246;Nelore;9;332,0;0,92;2024-07-01;ativo;2024-12-16;520,5;1,066;17,35;309,8;5375,03;168;554,84;191044,25;43;4442,89;1,122;188,5;4997,73;26,51;377,3;5,08;Alta;0;Alta Performance
247;BR0247;Cruzado Nelore;5;261,4;0,816;2024-07-01;ativo;2025-05-05;530,0;0,783;17,67;319,45;5644,68;308;589,14;239916,02;54;4442,89;0,872;268,6;5032,03;18,73;612,65;6,54;Média;1;Baixa Performance
248;BR0248;Cruzado Nelore;8;294,8;1,124;2024-07-01;ativo;2025-01-13;547,8;1,041;18,26;325,6;5945,46;196;606,96;239916,02;54;4442,89;1,291;253,0;5049,85;19,96;895,61;4,42;Alta;2;Performance Média
249;BR0249;Nelore;9;259,9;0,896;2024-07-01;ativo;2025-04-07;540,1;0,987;18,0;324,6;5842,8;280;488,1;191044,25;43;4442,89;1,001;280,2;4930,99;17,6;911,81;5,7;Média;1;Baixa Performance
250;BR0250;Nelore;4;275,1;0,873;2024-07-01;ativo;2025-04-07;539,6;0,832;17,99;324,6;5839,55;280;603,95;199930,04;45;4442,89;0,945;264,5;5046,84;19,08;792,71;6,03;Média;1;Baixa Performance
251;BR0251;Nelore;8;276,7;0,885;2024-07-01;ativo;2025-04-07;539,9;0,884;18,0;324,6;5842,8;280;881,28;239916,02;54;4442,89;0,94;263,2;5324,17;20,23;518,63;6,06;Média;1;Baixa Performance
252;BR0252;Cruzado Nelore;2;311,6;1,189;2024-07-01;ativo;2024-12-16;536,4;1,15;17,88;309,8;5539,22;168;534,01;231030,27;52;4442,89;1,338;224,8;4976,9;22,14;562,32;4,26;Alta;2;Performance Média
253;BR0253;Nelore;5;283,3;1,148;2024-07-01;ativo;2025-01-13;537,3;1,155;17,91;325,6;5831,5;196;571,77;239916,02;54;4442,89;1,296;254,0;5014,66;19,74;816,84;4,4;Alta;2;Performance Média
254;BR0254;Cruzado Nelore;10;286,7;1,13;2024-07-01;ativo;2025-01-13;534,9;1,013;17,83;325,6;5805,45;196;557,46;226587,36;51;4442,89;1,266;248,2;5000,35;20,15;805,1;4,5;Alta;2;Performance Média
255;BR0255;Cruzado Nelore;7;285,1;1,118;2024-07-01;ativo;2025-01-13;531,9;1,119;17,73;325,6;5772,89;196;551,0600000000001;253244,71;57;4442,89;1,259;246,8;4993,95;20,23;778,94;4,53;Alta;2;Performance Média
256;BR0256;Cruzado Nelore;2;287,5;0,927;2024-07-01;ativo;2025-03-10;546,6;0,96;18,22;311,45;5674,62;252;935,72;231030,27;52;4442,89;1,028;259,1;5378,61;20,76;296,01;5,54;Média;1;Baixa Performance
257;BR0257;Angus;9;354,7;1,13;2024-07-01;ativo;2024-11-18;546,8;1,085;18,23;344,2;6274,77;140;1159,78;191044,25;43;4442,89;1,372;192,1;5602,67;29,17;672,1;4,15;Alta;0;Alta Performance
258;BR0258;Brahman;9;253,2;0,986;2024-07-01;ativo;2025-03-10;524,2;1,092;17,47;311,45;5441,03;252;546,1;191044,25;43;4442,89;1,075;271,0;4988,99;18,41;452,04;5,3;Média;1;Baixa Performance
259;BR0259;Nelore;3;276,4;0,698;2024-07-01;ativo;2025-06-02;531,2;0,659;17,71;306,1;5421,03;336;513,13;222144,47;50;4442,89;0,758;254,8;4956,02;19,45;465,01;7,52;Baixa;1;Baixa Performance
260;BR0260;Simental;8;325,7;1,357;2024-07-01;ativo;2024-10-21;520,9;1,421;17,36;306,3;5317,37;112;531,76;239916,02;54;4442,89;1,743;195,2;4974,65;25,48;342,72;3,27;Alta;0;Alta Performance
261;BR0261;Simental;6;301,9;1,466;2024-07-01;ativo;2024-11-18;542,9;1,355;18,1;344,2;6230,02;140;507,77;213258,69;48;4442,89;1,721;241,0;4950,66;20,54;1279,36;3,31;Alta;0;Alta Performance
262;BR0262;Nelore;6;279,3;1,409;2024-07-01;ativo;2024-12-16;553,4;1,462;18,45;309,8;5715,81;168;975,3;213258,69;48;4442,89;1,632;274,1;5418,19;19,77;297,62;3,49;Alta;2;Performance Média
263;BR0263;Simental;3;320,9;1,475;2024-07-01;ativo;2024-10-21;537,0;1,668;17,9;306,3;5482,77;112;610,37;222144,47;50;4442,89;1,929;216,1;5053,26;23,38;429,51;2,95;Alta;0;Alta Performance
264;BR0264;Cruzado Nelore;1;321,5;0,935;2024-07-01;ativo;2025-01-13;531,7;0,924;17,72;325,6;5769,63;196;579,95;204372,94;46;4442,89;1,072;210,2;5022,84;23,9;746,79;5,31;Média;2;Performance Média
265;BR0265;Cruzado Nelore;1;306,8;1,361;2024-07-01;ativo;2024-11-18;535,8;1,294;17,86;344,2;6147,41;140;523,65;204372,94;46;4442,89;1,636;229,0;4966,54;21,69;1180,87;3,48;Alta;0;Alta Performance
266;BR0266;Nelore;9;270,7;0,86;2024-07-01;ativo;2025-04-07;533,8;0,817;17,79;324,6;5774,63;280;588,79;191044,25;43;4442,89;0,94;263,1;5031,68;19,12;742,95;6,07;Média;1;Baixa Performance
267;BR0267;Simental;7;326,4;1,193;2024-07-01;ativo;2024-11-18;533,2;1,206;17,77;344,2;6116,43;140;530,49;253244,71;57;4442,89;1,477;206,8;4973,38;24,05;1143,05;3,86;Alta;0;Alta Performance
268;BR0268;Cruzado Nelore;7;294,2;1,256;2024-07-01;ativo;2024-12-16;544,9;1,21;18,16;309,8;5625,97;168;514,47;253244,71;57;4442,89;1,492;250,7;4957,36;19,77;668,61;3,82;Alta;2;Performance Média
269;BR0269;Nelore;7;269,2;1,178;2024-07-01;ativo;2025-01-13;540,1;1,308;18,0;325,6;5860,8;196;1203,66;253244,71;57;4442,89;1,382;270,9;5646,55;20,84;214,25;4,12;Alta;2;Performance Média
270;BR0270;Nelore;7;288,4;1,13;2024-07-01;ativo;2025-01-13;536,1;1,206;17,87;325,6;5818,47;196;1040,2;253244,71;57;4442,89;1,264;247,7;5483,09;22,14;335,38;4,51;Alta;2;Performance Média
271;BR0271;Nelore;9;275,0;0,931;2024-07-01;ativo;2025-03-10;534,3;0,873;17,81;311,45;5546,92;252;628,49;191044,25;43;4442,89;1,029;259,3;5071,38;19,56;475,54;5,54;Média;1;Baixa Performance
272;BR0272;Brahman;8;285,1;0,653;2024-07-01;ativo;2025-06-02;529,7;0,721;17,66;306,1;5405,73;336;607,25;239916,02;54;4442,89;0,728;244,6;5050,14;20,65;355,59;7,83;Baixa;1;Baixa Performance
273;BR0273;Cruzado Nelore;7;287,2;1,023;2024-07-01;ativo;2025-02-10;545,6;1,17;18,19;324,65;5905,38;224;552,26;253244,71;57;4442,89;1,154;258,4;4995,15;19,33;910,23;4,94;Alta;2;Performance Média
274;BR0274;Angus;5;308,1;1,3;2024-07-01;ativo;2024-11-18;525,2;1,37;17,51;344,2;6026,94;140;558,33;239916,02;54;4442,89;1,551;217,1;5001,22;23,04;1025,72;3,68;Alta;0;Alta Performance
275;BR0275;Nelore;2;283,5;1,132;2024-07-01;ativo;2025-01-13;533,5;1,076;17,78;325,6;5789,17;196;590,98;231030,27;52;4442,89;1,276;250,0;5033,87;20,14;755,3;4,47;Alta;2;Performance Média
276;BR0276;Simental;1;329,8;1,197;2024-07-01;ativo;2024-11-18;537,4;1,077;17,91;344,2;6164,62;140;502,24;204372,94;46;4442,89;1,483;207,6;4945,13;23,82;1219,49;3,84;Alta;0;Alta Performance
277;BR0277;Brahman;2;293,9;0,615;2024-07-01;ativo;2025-06-30;537,7;0,656;17,92;317,4;5687,81;364;564,54;231030,27;52;4442,89;0,67;243,8;5007,43;20,54;680,38;8,51;Baixa;1;Baixa Performance
278;BR0278;Cruzado Nelore;7;283,8;1,222;2024-07-01;ativo;2024-12-16;522,1;1,266;17,4;309,8;5390,52;168;967,58;253244,71;57;4442,89;1,418;238,3;5410,47;22,7;-19,95;4,02;Alta;2;Performance Média
279;BR0279;Nelore;3;271,0;1,275;2024-07-01;ativo;2024-12-16;521,8;1,231;17,39;309,8;5387,42;168;460,68;222144,47;50;4442,89;1,493;250,8;4903,57;19,55;483,85;3,82;Alta;2;Performance Média
280;BR0280;Nelore;3;293,6;1,04;2024-07-01;ativo;2025-01-13;536,7;1,07;17,89;325,6;5824,98;196;565,59;222144,47;50;4442,89;1,24;243,1;5008,48;20,6;816,5;4,6;Alta;2;Performance Média
281;BR0281;Angus;4;318,8;1,16;2024-07-01;ativo;2024-12-16;541,0;1,286;18,03;309,8;5585,69;168;538,4;199930,04;45;4442,89;1,323;222,2;4981,29;22,42;604,4;4,31;Alta;2;Performance Média
282;BR0282;Cruzado Nelore;3;280,5;1,289;2024-07-01;ativo;2024-12-16;529,5;1,163;17,65;309,8;5467,97;168;547,89;222144,47;50;4442,89;1,482;249,0;4990,78;20,04;477,19;3,85;Alta;2;Performance Média
283;BR0283;Simental;5;315,6;1,105;2024-07-01;ativo;2024-12-16;532,8;1,083;17,76;309,8;5502,05;168;595,41;239916,02;54;4442,89;1,293;217,2;5038,3;23,2;463,75;4,41;Alta;2;Performance Média
284;BR0284;Simental;1;313,1;1,563;2024-07-01;ativo;2024-10-21;532,7;1,644;17,76;306,3;5439,89;112;504,15;204372,94;46;4442,89;1,961;219,6;4947,04;22,53;492,85;2,91;Alta;0;Alta Performance
285;BR0285;Nelore;3;298,8;1,222;2024-07-01;ativo;2024-12-16;542,5;1,145;18,08;309,8;5601,18;168;545,98;222144,47;50;4442,89;1,451;243,7;4988,87;20,47;612,31;3,93;Alta;2;Performance Média
286;BR0286;Nelore;8;255,0;1,339;2024-07-01;ativo;2025-01-13;557,1;1,354;18,57;325,6;6046,39;196;583,89;239916,02;54;4442,89;1,541;302,1;5026,78;16,64;1019,61;3,7;Alta;2;Performance Média
287;BR0287;Nelore;2;276,8;0,813;2024-07-01;ativo;2025-04-07;526,6;0,732;17,55;324,6;5696,73;280;542,1;231030,27;52;4442,89;0,892;249,8;4984,99;19,96;711,74;6,39;Média;1;Baixa Performance
288;BR0288;Cruzado Nelore;5;276,1;1,211;2024-07-01;ativo;2025-01-13;551,8;1,15;18,39;325,6;5987,78;196;560,81;239916,02;54;4442,89;1,407;275,7;5003,7;18,15;984,08;4,05;Alta;2;Performance Média
289;BR0289;Simental;4;352,8;1,555;2024-07-01;ativo;2024-09-23;527,9;1,509;17,6;261,7;4605,92;84;485,19;199930,04;45;4442,89;2,085;175,1;4928,08;28,14;-322,16;2,73;Alta;0;Alta Performance
290;BR0290;Angus;6;309,2;0,992;2024-07-01;ativo;2025-01-13;529,2;0,984;17,64;325,6;5743,58;196;488,48;213258,69;48;4442,89;1,122;220,0;4931,37;22,42;812,21;5,08;Alta;2;Performance Média
291;BR0291;Brahman;1;286,8;0,806;2024-07-01;ativo;2025-04-07;534,5;0,812;17,82;324,6;5784,37;280;527,2;204372,94;46;4442,89;0,885;247,7;4970,09;20,06;814,28;6,44;Média;1;Baixa Performance
292;BR0292;Nelore;6;276,5;0,912;2024-07-01;ativo;2025-03-10;531,2;0,839;17,71;311,45;5515,78;252;532,71;213258,69;48;4442,89;1,011;254,7;4975,6;19,54;540,18;5,64;Média;1;Baixa Performance
293;BR0293;Nelore;6;295,7;1,135;2024-07-01;ativo;2024-12-16;521,0;1,085;17,37;309,8;5381,23;168;587,69;213258,69;48;4442,89;1,341;225,3;5030,58;22,33;350,65;4,25;Alta;2;Performance Média
294;BR0294;Simental;9;338,8;1,444;2024-07-01;ativo;2024-10-21;540,2;1,528;18,01;306,3;5516,46;112;496,46;191044,25;43;4442,89;1,798;201,4;4939,35;24,53;577,11;3,17;Alta;0;Alta Performance
295;BR0295;Nelore;4;328,0;1,045;2024-07-01;ativo;2024-12-16;532,4;1,214;17,75;309,8;5498,95;168;480,6;199930,04;45;4442,89;1,217;204,4;4923,49;24,09;575,46;4,68;Alta;2;Performance Média
296;BR0296;Nelore;9;281,3;0,894;2024-07-01;ativo;2025-04-07;548,5;1,029;18,28;324,6;5933,69;280;1117,47;191044,25;43;4442,89;0,954;267,2;5560,36;20,81;373,33;5,97;Média;1;Baixa Performance
297;BR0297;Nelore;7;260,0;0,994;2024-07-01;ativo;2025-03-10;537,3;0,999;17,91;311,45;5578,07;252;512,04;253244,71;57;4442,89;1,1;277,3;4954,93;17,87;623,14;5,18;Média;1;Baixa Performance
298;BR0298;Nelore;10;298,4;1,161;2024-07-01;ativo;2024-12-16;527,5;1,249;17,58;309,8;5446,28;168;537,57;226587,36;51;4442,89;1,364;229,1;4980,46;21,74;465,82;4,18;Alta;2;Performance Média
299;BR0299;Nelore;3;285,5;0,89;2024-07-01;ativo;2025-03-10;527,9;0,991;17,6;311,45;5481,52;252;569,41;222144,47;50;4442,89;0,962;242,4;5012,3;20,68;469,22;5,93;Média;1;Baixa Performance
300;BR0300;Cruzado Nelore;9;329,0;1,413;2024-07-01;ativo;2024-10-21;523,0;1,337;17,43;306,3;5338,81;112;578,1;191044,25;43;4442,89;1,732;194,0;5020,99;25,88;317,82;3,29;Alta;0;Alta Performance
301;BR0301;Cruzado Nelore;4;302,9;1,279;2024-07-01;ativo;2024-12-16;550,4;1,24;18,35;309,8;5684,83;168;629,8;199930,04;45;4442,89;1,473;247,5;5072,69;20,5;612,14;3,87;Alta;2;Performance Média
302;BR0302;Nelore;10;282,3;1,24;2024-07-01;ativo;2024-12-16;522,5;1,162;17,42;309,8;5396,72;168;555,96;226587,36;51;4442,89;1,43;240,2;4998,85;20,81;397,87;3,99;Alta;2;Performance Média
303;BR0303;Cruzado Nelore;10;283,4;1,145;2024-07-01;ativo;2025-01-13;538,7;1,008;17,96;325,6;5847,78;196;837,91;226587,36;51;4442,89;1,303;255,3;5280,8;20,68;566,98;4,38;Alta;2;Performance Média
304;BR0304;Angus;9;323,0;1,532;2024-07-01;ativo;2024-10-21;545,7;1,591;18,19;306,3;5571,6;112;575,63;191044,25;43;4442,89;1,988;222,7;5018,52;22,53;553,08;2,87;Alta;0;Alta Performance
305;BR0305;Cruzado Nelore;7;274,4;1,049;2024-07-01;ativo;2025-02-10;533,4;0,995;17,78;324,65;5772,28;224;556,04;253244,71;57;4442,89;1,156;259,0;4998,93;19,3;773,35;4,93;Alta;2;Performance Média
306;BR0306;Angus;3;320,1;0,89;2024-07-01;ativo;2025-02-10;530,8;0,869;17,69;324,65;5743,06;224;579,23;222144,47;50;4442,89;0,941;210,7;5022,12;23,84;720,94;6,06;Média;2;Performance Média
307;BR0307;Nelore;6;252,6;0,955;2024-07-01;ativo;2025-03-10;522,3;1,027;17,41;311,45;5422,34;252;508,97;213258,69;48;4442,89;1,07;269,7;4951,86;18,36;470,48;5,33;Média;1;Baixa Performance
308;BR0308;Nelore;5;274,9;0,716;2024-07-01;ativo;2025-05-05;530,6;0,667;17,69;319,45;5651,07;308;530,28;239916,02;54;4442,89;0,83;255,7;4973,17;19,45;677,9;6,87;Baixa;1;Baixa Performance
309;BR0309;Cruzado Nelore;4;285,3;1,449;2024-07-01;ativo;2024-11-18;522,4;1,57;17,41;344,2;5992,52;140;501,88;199930,04;45;4442,89;1,694;237,1;4944,77;20,86;1047,75;3,37;Alta;0;Alta Performance
310;BR0310;Cruzado Nelore;2;295,6;1,45;2024-07-01;ativo;2024-11-18;541,0;1,392;18,03;344,2;6205,93;140;593,29;231030,27;52;4442,89;1,753;245,4;5036,18;20,52;1169,75;3,25;Alta;0;Alta Performance
311;BR0311;Cruzado Nelore;5;263,8;1,53;2024-07-01;ativo;2024-12-16;558,3;1,615;18,61;309,8;5765,38;168;580,06;239916,02;54;4442,89;1,753;294,5;5022,95;17,06;742,43;3,25;Alta;2;Performance Média
312;BR0312;Nelore;4;310,2;1,378;2024-07-01;ativo;2024-11-18;539,9;1,197;18,0;344,2;6195,6;140;840,04;199930,04;45;4442,89;1,641;229,7;5282,93;23,0;912,67;3,47;Alta;0;Alta Performance
313;BR0313;Angus;6;323,0;0,966;2024-07-01;ativo;2025-01-13;532,1;1,122;17,74;325,6;5776,14;196;512,6700000000001;213258,69;48;4442,89;1,067;209,1;4955,56;23,7;820,58;5,34;Média;2;Performance Média
314;BR0314;Nelore;5;266,6;0,593;2024-07-01;ativo;2025-09-22;532,3;0,715;17,74;304,45;5400,94;448;526,65;239916,02;54;4442,89;0,593;265,7;4969,54;18,7;431,4;9,61;Baixa;1;Baixa Performance
315;BR0315;Cruzado Nelore;7;303,0;1,02;2024-07-01;ativo;2025-01-13;531,6;1,116;17,72;325,6;5769,63;196;554,96;253244,71;57;4442,89;1,166;228,6;4997,85;21,86;771,78;4,89;Alta;2;Performance Média
316;BR0316;Brahman;5;274,6;0,439;2024-07-01;ativo;2025-10-20;485,3;0,368;16,18;310,2;5019,04;476;575,81;239916,02;54;4442,89;0,443;210,7;5018,7;23,82;0,34;12,88;Baixa;1;Baixa Performance
317;BR0317;Cruzado Nelore;8;262,0;1,14;2024-07-01;ativo;2025-01-13;520,8;1,126;17,36;325,6;5652,42;196;861,97;239916,02;54;4442,89;1,32;258,8;5304,86;20,5;347,56;4,32;Alta;2;Performance Média
318;BR0318;Brahman;1;256,3;1,011;2024-07-01;ativo;2025-03-10;538,0;1,099;17,93;311,45;5584,3;252;536,0699999999999;204372,94;46;4442,89;1,118;281,7;4978,96;17,67;605,34;5,1;Alta;1;Baixa Performance
319;BR0319;Nelore;8;254,1;1,282;2024-07-01;ativo;2025-01-13;545,1;1,138;18,17;325,6;5916,15;196;504,48;239916,02;54;4442,89;1,485;291,0;4947,37;17,0;968,78;3,84;Alta;2;Performance Média
320;BR0320;Brahman;10;241,9;0,828;2024-07-01;ativo;2025-06-02;535,5;0,78;17,85;306,1;5463,89;336;556,6;226587,36;51;4442,89;0,874;293,6;4999,49;17,03;464,4;6,52;Média;1;Baixa Performance
321;BR0321;Nelore;10;281,5;0,793;2024-07-01;ativo;2025-03-10;520,3;0,93;17,34;311,45;5400,54;252;732,44;226587,36;51;4442,89;0,948;238,8;5175,33;21,67;225,21;6,02;Média;1;Baixa Performance
322;BR0322;Brahman;8;266,7;0,698;2024-07-01;ativo;2025-06-30;528,3;0,62;17,61;317,4;5589,41;364;489,26;239916,02;54;4442,89;0,719;261,6;4932,15;18,85;657,26;7,93;Baixa;1;Baixa Performance
323;BR0323;Brahman;4;253,2;1,065;2024-07-01;ativo;2025-02-10;526,2;1,053;17,54;324,65;5694,36;224;551,51;199930,04;45;4442,89;1,219;273,0;4994,4;18,29;699,96;4,68;Alta;2;Performance Média
324;BR0324;Nelore;5;247,3;1,291;2024-07-01;ativo;2025-01-13;539,0;1,389;17,97;325,6;5851,03;196;505,1;239916,02;54;4442,89;1,488;291,7;4947,99;16,96;903,04;3,83;Alta;2;Performance Média
325;BR0325;Cruzado Nelore;6;285,6;1,49;2024-07-01;ativo;2024-11-18;545,1;1,596;18,17;344,2;6254,11;140;575,62;213258,69;48;4442,89;1,854;259,5;5018,51;19,34;1235,6;3,08;Alta;0;Alta Performance
326;BR0326;Nelore;2;273,5;0,94;2024-07-01;ativo;2025-03-10;537,3;0,889;17,91;311,45;5578,07;252;533,44;231030,27;52;4442,89;1,047;263,8;4976,33;18,86;601,74;5,45;Média;1;Baixa Performance
327;BR0327;Nelore;5;255,3;1,176;2024-07-01;ativo;2025-02-10;546,4;1,001;18,21;324,65;5911,88;224;608,35;239916,02;54;4442,89;1,3;291,1;5051,24;17,35;860,64;4,39;Alta;2;Performance Média
328;BR0328;Simental;10;321,6;0,96;2024-07-01;ativo;2025-01-13;537,8;0,934;17,93;325,6;5838,01;196;522,19;226587,36;51;4442,89;1,103;216,2;4965,08;22,97;872,93;5,17;Alta;2;Performance Média
329;BR0329;Nelore;2;319,4;1,007;2024-07-01;ativo;2025-01-13;550,1;1,087;18,34;325,6;5971,5;196;597,42;231030,27;52;4442,89;1,177;230,7;5040,31;21,85;931,19;4,84;Alta;2;Performance Média
330;BR0330;Nelore;8;281,4;1,13;2024-07-01;ativo;2025-01-13;532,0;1,178;17,73;325,6;5772,89;196;597,03;239916,02;54;4442,89;1,279;250,6;5039,92;20,11;732,97;4,46;Alta;2;Performance Média
331;BR0331;Angus;4;351,8;1,225;2024-07-01;ativo;2024-11-18;549,6;1,186;18,32;344,2;6305,74;140;534,35;199930,04;45;4442,89;1,413;197,8;4977,24;25,16;1328,5;4,03;Alta;0;Alta Performance
332;BR0332;Nelore;8;281,3;1,074;2024-07-01;ativo;2025-01-13;522,0;1,162;17,4;325,6;5665,44;196;521,71;239916,02;54;4442,89;1,228;240,7;4964,6;20,63;700,84;4,64;Alta;2;Performance Média
333;BR0333;Simental;6;325,5;1,189;2024-07-01;ativo;2024-11-18;528,6;1,104;17,62;344,2;6064,8;140;905,32;213258,69;48;4442,89;1,451;203,1;5348,21;26,33;716,59;3,93;Alta;0;Alta Performance
334;BR0334;Cruzado Nelore;7;305,9;0,976;2024-07-01;ativo;2025-01-13;525,0;1,125;17,5;325,6;5698,0;196;623,42;253244,71;57;4442,89;1,118;219,1;5066,31;23,12;631,69;5,1;Alta;2;Performance Média
335;BR0335;Simental;2;317,9;1,295;2024-07-01;ativo;2024-11-18;546,5;1,367;18,22;344,2;6271,32;140;535,5;231030,27;52;4442,89;1,633;228,6;4978,39;21,78;1292,93;3,49;Alta;0;Alta Performance
336;BR0336;Brahman;8;274,0;1,181;2024-07-01;ativo;2025-01-13;532,9;1,138;17,76;325,6;5782,66;196;563,78;239916,02;54;4442,89;1,321;258,9;5006,67;19,34;775,99;4,32;Alta;2;Performance Média
337;BR0337;Cruzado Nelore;5;298,6;1,293;2024-07-01;ativo;2024-12-16;554,2;1,423;18,47;309,8;5722,01;168;533,97;239916,02;54;4442,89;1,521;255,6;4976,86;19,47;745,15;3,75;Alta;2;Performance Média
338;BR0338;Brahman;2;233,0;1,158;2024-07-01;ativo;2025-02-10;522,3;1,176;17,41;324,65;5652,16;224;552,5500000000001;231030,27;52;4442,89;1,292;289,3;4995,44;17,27;656,72;4,41;Alta;1;Baixa Performance
339;BR0339;Simental;9;340,1;1,257;2024-07-01;ativo;2024-11-18;544,8;1,282;18,16;344,2;6250,67;140;580,27;191044,25;43;4442,89;1,462;204,7;5023,16;24,54;1227,51;3,9;Alta;0;Alta Performance
340;BR0340;Nelore;2;267,9;0,985;2024-07-01;ativo;2025-03-10;542,8;0,911;18,09;311,45;5634,13;252;1127,89;231030,27;52;4442,89;1,091;274,9;5570,78;20,26;63,35;5,23;Média;1;Baixa Performance
341;BR0341;Angus;6;333,8;1,029;2024-07-01;ativo;2024-12-16;533,2;1,072;17,77;309,8;5505,15;168;480,31;213258,69;48;4442,89;1,187;199,4;4923,2;24,69;581,95;4,8;Alta;2;Performance Média
342;BR0342;Simental;1;312,7;1,428;2024-07-01;ativo;2024-10-21;520,5;1,511;17,35;306,3;5314,3;112;1030,14;204372,94;46;4442,89;1,855;207,8;5473,03;26,34;-158,73;3,07;Alta;0;Alta Performance
343;BR0343;Nelore;1;276,5;1,053;2024-07-01;ativo;2025-01-13;523,6;0,966;17,45;325,6;5681,72;196;575,62;204372,94;46;4442,89;1,261;247,1;5018,51;20,31;663,21;4,52;Alta;2;Performance Média
344;BR0344;Nelore;9;311,9;0,881;2024-07-01;ativo;2025-02-10;528,3;0,726;17,61;324,65;5717,09;224;1156,08;191044,25;43;4442,89;0,966;216,4;5598,97;25,87;118,12;5,9;Média;1;Baixa Performance
345;BR0345;Brahman;6;227,0;1,339;2024-07-01;ativo;2025-01-13;526,8;1,32;17,56;325,6;5717,54;196;516,0;213258,69;48;4442,89;1,53;299,8;4958,89;16,54;758,65;3,73;Alta;2;Performance Média
346;BR0346;Nelore;10;312,8;1,252;2024-07-01;ativo;2024-11-18;525,2;1,138;17,51;344,2;6026,94;140;480,64;226587,36;51;4442,89;1,517;212,4;4923,53;23,18;1103,41;3,76;Alta;0;Alta Performance
347;BR0347;Cruzado Nelore;8;357,8;1,156;2024-07-01;ativo;2024-10-21;522,0;1,286;17,4;306,3;5329,62;112;592,03;239916,02;54;4442,89;1,466;164,2;5034,92;30,66;294,7;3,89;Alta;0;Alta Performance
348;BR0348;Angus;10;300,9;1,246;2024-07-01;ativo;2024-12-16;539,3;1,252;17,98;309,8;5570,2;168;595,1800000000001;226587,36;51;4442,89;1,419;238,4;5038,07;21,13;532,13;4,02;Alta;2;Performance Média
349;BR0349;Nelore;4;281,8;0,814;2024-07-01;ativo;2025-04-07;530,6;0,794;17,69;324,6;5742,17;280;570,25;199930,04;45;4442,89;0,889;248,8;5013,14;20,15;729,03;6,41;Média;1;Baixa Performance
350;BR0350;Brahman;2;283,6;1,077;2024-07-01;ativo;2025-01-13;520,9;1,135;17,36;325,6;5652,42;196;514,66;231030,27;52;4442,89;1,211;237,3;4957,55;20,89;694,87;4,71;Alta;2;Performance Média
351;BR0351;Cruzado Nelore;7;321,4;1,167;2024-07-01;ativo;2024-11-18;521,7;1,105;17,39;344,2;5985,64;140;592,6800000000001;253244,71;57;4442,89;1,431;200,3;5035,57;25,14;950,07;3,98;Alta;0;Alta Performance
352;BR0352;Cruzado Nelore;4;271,3;1,441;2024-07-01;ativo;2024-12-16;553,6;1,442;18,45;309,8;5715,81;168;598,25;199930,04;45;4442,89;1,68;282,3;5041,14;17,86;674,67;3,39;Alta;2;Performance Média
353;BR0353;Simental;4;304,9;1,252;2024-07-01;ativo;2024-11-18;523,0;1,27;17,43;344,2;5999,41;140;1985,43;199930,04;45;4442,89;1,558;218,1;6428,32;29,47;-428,91;3,66;Alta;0;Alta Performance
354;BR0354;Nelore;3;260,2;0,829;2024-07-01;ativo;2025-05-05;537,3;0,912;17,91;319,45;5721,35;308;595,85;222144,47;50;4442,89;0,9;277,1;5038,74;18,18;682,61;6,34;Média;1;Baixa Performance
355;BR0355;Brahman;2;275,1;0,845;2024-07-01;ativo;2025-04-07;543,7;0,899;18,12;324,6;5881,75;280;1324,29;231030,27;52;4442,89;0,959;268,6;5767,18;21,47;114,57;5,94;Média;1;Baixa Performance
356;BR0356;Nelore;7;260,4;1,005;2024-07-01;ativo;2025-03-10;538,2;0,957;17,94;311,45;5587,41;252;544,7;253244,71;57;4442,89;1,102;277,8;4987,59;17,95;599,82;5,17;Alta;1;Baixa Performance
357;BR0357;Brahman;7;272,1;0,657;2024-07-01;ativo;2025-06-02;525,7;0,868;17,52;306,1;5362,87;336;519,81;253244,71;57;4442,89;0,755;253,6;4962,7;19,57;400,17;7,55;Baixa;1;Baixa Performance
358;BR0358;Nelore;8;268,7;1,156;2024-07-01;ativo;2025-01-13;531,2;1,201;17,71;325,6;5766,38;196;610,63;239916,02;54;4442,89;1,339;262,5;5053,52;19,25;712,86;4,26;Alta;2;Performance Média
359;BR0359;Simental;1;347,9;1,287;2024-07-01;ativo;2024-10-21;521,5;1,214;17,38;306,3;5323,49;112;481,4;204372,94;46;4442,89;1,55;173,6;4924,29;28,37;399,2;3,68;Alta;0;Alta Performance
360;BR0360;Nelore;7;260,0;1,064;2024-07-01;ativo;2025-02-10;526,1;0,854;17,54;324,65;5694,36;224;576,71;253244,71;57;4442,89;1,188;266,1;5019,6;18,86;674,76;4,8;Alta;2;Performance Média
361;BR0361;Brahman;10;320,9;1,041;2024-07-01;ativo;2024-12-16;523,6;1,116;17,45;309,8;5406,01;168;553,76;226587,36;51;4442,89;1,207;202,7;4996,65;24,65;409,36;4,72;Alta;2;Performance Média
362;BR0362;Nelore;10;251,9;1,4;2024-07-01;ativo;2024-12-16;533,8;1,49;17,79;309,8;5511,34;168;526,83;226587,36;51;4442,89;1,678;281,9;4969,72;17,63;541,62;3,4;Alta;2;Performance Média
363;BR0363;Simental;5;295,1;1,182;2024-07-01;ativo;2025-01-13;545,8;1,204;18,19;325,6;5922,66;196;568,36;239916,02;54;4442,89;1,279;250,7;5011,25;19,99;911,41;4,46;Alta;2;Performance Média
364;BR0364;Nelore;7;293,9;1,142;2024-07-01;ativo;2025-01-13;549,0;1,092;18,3;325,6;5958,48;196;1190,91;253244,71;57;4442,89;1,302;255,1;5633,8;22,08;324,68;4,38;Alta;2;Performance Média
365;BR0365;Brahman;1;274,8;0,778;2024-07-01;ativo;2025-04-07;522,0;0,741;17,4;324,6;5648,04;280;558,78;204372,94;46;4442,89;0,883;247,2;5001,67;20,23;646,37;6,46;Média;1;Baixa Performance
366;BR0366;Angus;2;301,1;1,145;2024-07-01;ativo;2024-12-16;530,7;1,123;17,69;309,8;5480,36;168;1361,72;231030,27;52;4442,89;1,367;229,6;5804,61;25,28;-324,25;4,17;Alta;0;Alta Performance
367;BR0367;Angus;5;283,8;1,276;2024-07-01;ativo;2024-12-16;534,1;1,279;17,8;309,8;5514,44;168;574,46;239916,02;54;4442,89;1,49;250,3;5017,35;20,05;497,09;3,83;Alta;2;Performance Média
368;BR0368;Brahman;10;289,3;1,436;2024-07-01;ativo;2024-11-18;537,5;1,447;17,92;344,2;6168,06;140;1076,74;226587,36;51;4442,89;1,773;248,2;5519,63;22,24;648,43;3,22;Alta;0;Alta Performance
369;BR0369;Nelore;9;269,1;1,083;2024-07-01;ativo;2025-02-10;540,8;1,033;18,03;324,65;5853,44;224;535,47;191044,25;43;4442,89;1,213;271,7;4978,36;18,32;875,08;4,7;Alta;2;Performance Média
370;BR0370;Simental;3;328,3;1,169;2024-07-01;ativo;2024-11-18;526,7;1,331;17,56;344,2;6044,15;140;672,21;222144,47;50;4442,89;1,417;198,4;5115,1;25,78;929,05;4,02;Alta;0;Alta Performance
371;BR0371;Angus;7;344,2;1,176;2024-07-01;ativo;2024-11-18;539,4;1,123;17,98;344,2;6188,72;140;1403,01;253244,71;57;4442,89;1,394;195,2;5845,9;29,95;342,82;4,09;Alta;0;Alta Performance
372;BR0372;Nelore;6;287,8;1,291;2024-07-01;ativo;2024-12-16;541,2;1,353;18,04;309,8;5588,79;168;559,55;213258,69;48;4442,89;1,508;253,4;5002,44;19,74;586,35;3,78;Alta;2;Performance Média
373;BR0373;Brahman;8;262,4;0,905;2024-07-01;ativo;2025-04-07;541,1;0,907;18,04;324,6;5855,78;280;840,21;239916,02;54;4442,89;0,995;278,7;5283,1;18,96;572,68;5,73;Média;1;Baixa Performance
374;BR0374;Brahman;1;237,4;1,298;2024-07-01;ativo;2025-01-13;524,0;1,233;17,47;325,6;5688,23;196;1064,61;204372,94;46;4442,89;1,462;286,6;5507,5;19,22;180,73;3,9;Alta;2;Performance Média
375;BR0375;Nelore;1;268,3;1,01;2024-07-01;ativo;2025-03-10;551,3;1,126;18,38;311,45;5724,45;252;590,1;204372,94;46;4442,89;1,123;283,0;5032,99;17,78;691,46;5,08;Alta;1;Baixa Performance
376;BR0376;Cruzado Nelore;5;284,6;1,189;2024-07-01;ativo;2025-01-13;539,9;1,178;18,0;325,6;5860,8;196;1237,24;239916,02;54;4442,89;1,303;255,3;5680,13;22,25;180,67;4,38;Alta;2;Performance Média
377;BR0377;Nelore;10;313,8;1,224;2024-07-01;ativo;2024-11-18;522,7;1,254;17,42;344,2;5995,96;140;591,3100000000001;226587,36;51;4442,89;1,492;208,9;5034,2;24,1;961,76;3,82;Alta;0;Alta Performance
378;BR0378;Nelore;2;293,9;1,439;2024-07-01;ativo;2024-11-18;534,3;1,365;17,81;344,2;6130,2;140;470,59;231030,27;52;4442,89;1,717;240,4;4913,48;20,44;1216,72;3,32;Alta;0;Alta Performance
379;BR0379;Angus;10;327,4;0,927;2024-07-01;ativo;2025-01-13;532,8;0,96;17,76;325,6;5782,66;196;1483,73;226587,36;51;4442,89;1,048;205,4;5926,62;28,85;-143,96;5,44;Média;0;Alta Performance
380;BR0380;Simental;9;330,8;1,143;2024-07-01;ativo;2024-11-18;521,3;1,037;17,38;344,2;5982,2;140;1204,15;191044,25;43;4442,89;1,361;190,5;5647,04;29,64;335,16;4,19;Alta;0;Alta Performance
381;BR0381;Nelore;7;248,9;0,686;2024-07-01;ativo;2025-07-28;535,8;0,706;17,86;292,65;5226,73;392;666,35;253244,71;57;4442,89;0,732;286,9;5109,24;17,81;117,49;7,79;Baixa;1;Baixa Performance
382;BR0382;Cruzado Nelore;4;321,3;0,919;2024-07-01;ativo;2025-01-13;531,2;0,854;17,71;325,6;5766,38;196;521,09;199930,04;45;4442,89;1,071;209,9;4963,98;23,65;802,4;5,32;Média;2;Performance Média
383;BR0383;Angus;3;291,7;1,199;2024-07-01;ativo;2024-12-16;529,5;1,18;17,65;309,8;5467,97;168;490,38;222144,47;50;4442,89;1,415;237,8;4933,27;20,75;534,7;4,03;Alta;2;Performance Média
384;BR0384;Nelore;5;304,3;1,078;2024-07-01;ativo;2025-01-13;545,6;1,099;18,19;325,6;5922,66;196;557,55;239916,02;54;4442,89;1,231;241,3;5000,44;20,72;922,22;4,63;Alta;2;Performance Média
385;BR0385;Nelore;1;296,3;0,913;2024-07-01;ativo;2025-03-10;538,8;1,014;17,96;311,45;5593,64;252;577,24;204372,94;46;4442,89;0,962;242,5;5020,13;20,7;573,51;5,92;Média;1;Baixa Performance
386;BR0386;Brahman;4;245,2;0,955;2024-07-01;ativo;2025-04-07;543,5;0,895;18,12;324,6;5881,75;280;501,85;199930,04;45;4442,89;1,065;298,3;4944,74;16,58;937,01;5,35;Média;1;Baixa Performance
387;BR0387;Nelore;5;264,3;0,784;2024-07-01;ativo;2025-05-05;529,4;0,8;17,65;319,45;5638,29;308;491,8;239916,02;54;4442,89;0,861;265,1;4934,69;18,61;703,6;6,62;Média;1;Baixa Performance
388;BR0388;Nelore;3;281,2;0,728;2024-07-01;ativo;2025-06-02;536,5;0,675;17,88;306,1;5473,07;336;576,47;222144,47;50;4442,89;0,76;255,3;5019,36;19,66;453,71;7,5;Baixa;1;Baixa Performance
389;BR0389;Nelore;7;323,1;0,824;2024-07-01;ativo;2025-02-10;521,7;0,759;17,39;324,65;5645,66;224;620,36;253244,71;57;4442,89;0,887;198,6;5063,25;25,49;582,41;6,43;Média;2;Performance Média
390;BR0390;Nelore;5;287,3;1,33;2024-07-01;ativo;2024-12-16;547,0;1,399;18,23;309,8;5647,65;168;608,46;239916,02;54;4442,89;1,546;259,7;5051,35;19,45;596,3;3,69;Alta;2;Performance Média
391;BR0391;Nelore;6;229,7;1,056;2024-07-01;ativo;2025-03-10;529,9;1,121;17,66;311,45;5500,21;252;590,88;213258,69;48;4442,89;1,191;300,2;5033,77;16,77;466,44;4,78;Alta;1;Baixa Performance
392;BR0392;Cruzado Nelore;6;313,4;1,095;2024-07-01;ativo;2024-12-16;526,4;1,055;17,55;309,8;5436,99;168;2247,0;213258,69;48;4442,89;1,268;213,0;6689,89;31,41;-1252,9;4,5;Alta;0;Alta Performance
393;BR0393;Nelore;5;291,6;0,946;2024-07-01;ativo;2025-02-10;535,7;0,924;17,86;324,65;5798,25;224;1158,37;239916,02;54;4442,89;1,09;244,1;5601,26;22,95;196,99;5,23;Média;2;Performance Média
394;BR0394;Nelore;4;271,3;0,941;2024-07-01;ativo;2025-03-10;540,9;1,037;18,03;311,45;5615,44;252;481,76;199930,04;45;4442,89;1,07;269,6;4924,65;18,27;690,79;5,33;Média;1;Baixa Performance
395;BR0395;Brahman;6;272,5;1,106;2024-07-01;ativo;2025-01-13;524,9;1,135;17,5;325,6;5698,0;196;587,8;213258,69;48;4442,89;1,288;252,4;5030,69;19,93;667,31;4,43;Alta;2;Performance Média
396;BR0396;Nelore;6;259,5;1,11;2024-07-01;ativo;2025-02-10;540,7;1,152;18,02;324,65;5850,19;224;565,94;213258,69;48;4442,89;1,255;281,2;5008,83;17,81;841,36;4,54;Alta;2;Performance Média
397;BR0397;Cruzado Nelore;6;300,7;1,128;2024-07-01;ativo;2024-12-16;523,2;1,095;17,44;309,8;5402,91;168;553,53;213258,69;48;4442,89;1,324;222,5;4996,42;22,46;406,49;4,3;Alta;2;Performance Média
398;BR0398;Nelore;2;267,8;1,013;2024-07-01;ativo;2025-03-10;534,9;0,833;17,83;311,45;5553,15;252;506,84;231030,27;52;4442,89;1,06;267,1;4949,73;18,53;603,42;5,38;Média;1;Baixa Performance
399;BR0399;Angus;4;307,8;1,238;2024-07-01;ativo;2024-12-16;553,1;1,25;18,44;309,8;5712,71;168;480,79;199930,04;45;4442,89;1,46;245,3;4923,68;20,07;789,03;3,9;Alta;2;Performance Média
400;BR0400;Angus;2;315,7;1,107;2024-07-01;ativo;2024-12-16;547,2;1,157;18,24;309,8;5650,75;168;563,43;231030,27;52;4442,89;1,378;231,5;5006,32;21,63;644,43;4,14;Alta;2;Performance Média
401;BR0401;Brahman;2;265,7;1,278;2024-07-01;ativo;2025-01-13;543,8;1,282;18,13;325,6;5903,13;196;611,53;231030,27;52;4442,89;1,419;278,1;5054,42;18,17;848,71;4,02;Alta;2;Performance Média
402;BR0402;Angus;9;322,9;1,497;2024-07-01;ativo;2024-10-21;526,4;1,419;17,55;306,3;5375,56;112;487,4;191044,25;43;4442,89;1,817;203,5;4930,29;24,23;445,27;3,14;Alta;0;Alta Performance
403;BR0403;Angus;7;295,8;1,404;2024-07-01;ativo;2024-11-18;537,4;1,39;17,91;344,2;6164,62;140;601,29;253244,71;57;4442,89;1,726;241,6;5044,18;20,88;1120,44;3,3;Alta;0;Alta Performance
404;BR0404;Brahman;7;270,3;0,79;2024-07-01;ativo;2025-05-05;538,2;0,752;17,94;319,45;5730,93;308;680,15;253244,71;57;4442,89;0,87;267,9;5123,04;19,12;607,89;6,55;Média;1;Baixa Performance
405;BR0405;Nelore;4;265,3;0,91;2024-07-01;ativo;2025-04-07;531,4;0,989;17,71;324,6;5748,67;280;663,52;199930,04;45;4442,89;0,95;266,1;5106,41;19,19;642,26;6,0;Média;1;Baixa Performance
406;BR0406;Brahman;5;279,4;1,111;2024-07-01;ativo;2025-01-13;526,3;0,982;17,54;325,6;5711,02;196;512,02;239916,02;54;4442,89;1,26;246,9;4954,91;20,07;756,11;4,52;Alta;2;Performance Média
407;BR0407;Cruzado Nelore;7;267,7;1,107;2024-07-01;ativo;2025-01-13;523,1;1,065;17,44;325,6;5678,46;196;542,42;253244,71;57;4442,89;1,303;255,4;4985,31;19,52;693,15;4,37;Alta;2;Performance Média
408;BR0408;Angus;6;283,7;1,237;2024-07-01;ativo;2025-01-13;553,9;1,26;18,46;325,6;6010,58;196;491,11;213258,69;48;4442,89;1,379;270,2;4934,0;18,26;1076,58;4,13;Alta;2;Performance Média
409;BR0409;Simental;5;308,7;1,234;2024-07-01;ativo;2024-12-16;545,7;1,132;18,19;309,8;5635,26;168;517,24;239916,02;54;4442,89;1,411;237,0;4960,13;20,93;675,13;4,04;Alta;2;Performance Média
410;BR0410;Nelore;10;297,3;0,891;2024-07-01;ativo;2025-03-10;537,7;0,856;17,92;311,45;5581,18;252;541,87;226587,36;51;4442,89;0,954;240,4;4984,76;20,74;596,42;5,98;Média;1;Baixa Performance
411;BR0411;Nelore;10;249,3;1,257;2024-07-01;ativo;2025-01-13;540,3;1,396;18,01;325,6;5864,06;196;557,77;226587,36;51;4442,89;1,485;291,0;5000,66;17,18;863,4;3,84;Alta;2;Performance Média
412;BR0412;Nelore;3;279,7;1,166;2024-07-01;ativo;2025-01-13;540,8;1,107;18,03;325,6;5870,57;196;525,38;222144,47;50;4442,89;1,332;261,1;4968,27;19,03;902,3;4,28;Alta;2;Performance Média
413;BR0413;Nelore;7;279,8;1,494;2024-07-01;ativo;2024-11-18;535,5;1,53;17,85;344,2;6143,97;140;533,76;253244,71;57;4442,89;1,826;255,7;4976,65;19,46;1167,32;3,12;Alta;0;Alta Performance
414;BR0414;Nelore;3;294,6;0,802;2024-07-01;ativo;2025-04-07;532,9;0,748;17,76;324,6;5764,9;280;590,83;222144,47;50;4442,89;0,851;238,3;5033,72;21,12;731,18;6,7;Média;1;Baixa Performance
415;BR0415;Nelore;5;262,5;0,595;2024-07-01;ativo;2025-07-28;521,1;0,496;17,37;292,65;5083,33;392;645,48;239916,02;54;4442,89;0,66;258,6;5088,37;19,68;-5,04;8,64;Baixa;1;Baixa Performance
416;BR0416;Simental;2;329,3;1,328;2024-07-01;ativo;2024-11-18;547,3;1,302;18,24;344,2;6278,21;140;1018,94;231030,27;52;4442,89;1,557;218,0;5461,83;25,05;816,38;3,66;Alta;0;Alta Performance
417;BR0417;Angus;10;323,6;1,162;2024-07-01;ativo;2024-12-16;550,0;1,215;18,33;309,8;5678,63;168;526,84;226587,36;51;4442,89;1,348;226,4;4969,73;21,95;708,9;4,23;Alta;2;Performance Média
418;BR0418;Nelore;7;291,8;1,152;2024-07-01;ativo;2024-12-16;523,9;1,199;17,46;309,8;5409,11;168;566,0500000000001;253244,71;57;4442,89;1,382;232,1;5008,94;21,58;400,17;4,13;Alta;2;Performance Média
419;BR0419;Brahman;1;275,5;1,126;2024-07-01;ativo;2025-01-13;526,3;1,141;17,54;325,6;5711,02;196;649,66;204372,94;46;4442,89;1,28;250,8;5092,55;20,31;618,47;4,45;Alta;2;Performance Média
420;BR0420;Nelore;1;256,2;1,063;2024-07-01;ativo;2025-02-10;522,0;0,923;17,4;324,65;5648,91;224;624,39;204372,94;46;4442,89;1,187;265,8;5067,28;19,06;581,63;4,8;Alta;2;Performance Média
421;BR0421;Angus;3;325,9;1,471;2024-07-01;ativo;2024-10-21;523,4;1,317;17,45;306,3;5344,94;112;527,8;222144,47;50;4442,89;1,763;197,5;4970,69;25,17;374,25;3,23;Alta;0;Alta Performance
422;BR0422;Nelore;4;264,0;1,31;2024-07-01;ativo;2024-12-16;524,1;1,266;17,47;309,8;5412,21;168;503,24;199930,04;45;4442,89;1,548;260,1;4946,13;19,02;466,08;3,68;Alta;2;Performance Média
423;BR0423;Nelore;3;293,6;1,282;2024-07-01;ativo;2024-12-16;545,1;1,406;18,17;309,8;5629,07;168;597,26;222144,47;50;4442,89;1,497;251,5;5040,15;20,04;588,92;3,81;Alta;2;Performance Média
424;BR0424;Nelore;8;285,7;0,908;2024-07-01;ativo;2025-03-10;532,1;0,844;17,74;311,45;5525,12;252;1217,09;239916,02;54;4442,89;0,978;246,4;5659,98;22,97;-134,86;5,83;Média;1;Baixa Performance
425;BR0425;Nelore;2;292,1;1,312;2024-07-01;ativo;2024-12-16;543,3;1,362;18,11;309,8;5610,48;168;492,77;231030,27;52;4442,89;1,495;251,2;4935,66;19,65;674,82;3,81;Alta;2;Performance Média
426;BR0426;Brahman;9;265,8;0,924;2024-07-01;ativo;2025-03-10;532,6;1,035;17,75;311,45;5528,24;252;498,47;191044,25;43;4442,89;1,059;266,8;4941,36;18,52;586,88;5,38;Média;1;Baixa Performance
427;BR0427;Angus;8;297,1;1,417;2024-07-01;ativo;2024-11-18;537,8;1,482;17,93;344,2;6171,51;140;627,35;239916,02;54;4442,89;1,719;240,7;5070,24;21,06;1101,27;3,32;Alta;0;Alta Performance
428;BR0428;Nelore;2;296,6;1,044;2024-07-01;ativo;2025-02-10;549,8;1,15;18,33;324,65;5950,83;224;577,24;231030,27;52;4442,89;1,13;253,2;5020,13;19,83;930,7;5,04;Alta;2;Performance Média
429;BR0429;Nelore;7;291,1;1,008;2024-07-01;ativo;2025-01-13;525,5;1,04;17,52;325,6;5704,51;196;518,4300000000001;253244,71;57;4442,89;1,196;234,4;4961,32;21,17;743,19;4,77;Alta;2;Performance Média
430;BR0430;Nelore;10;297,2;0,624;2024-07-01;ativo;2025-06-02;534,1;0,665;17,8;306,1;5448,58;336;582,07;226587,36;51;4442,89;0,705;236,9;5024,96;21,21;423,62;8,08;Baixa;1;Baixa Performance
431;BR0431;Brahman;1;265,6;0,889;2024-07-01;ativo;2025-04-07;535,2;0,824;17,84;324,6;5790,86;280;539,56;204372,94;46;4442,89;0,963;269,6;4982,45;18,48;808,41;5,92;Média;1;Baixa Performance
432;BR0432;Brahman;7;287,2;0,822;2024-07-01;ativo;2025-04-07;533,0;0,859;17,77;324,6;5768,14;280;532,67;253244,71;57;4442,89;0,878;245,8;4975,56;20,24;792,58;6,49;Média;1;Baixa Performance
433;BR0433;Cruzado Nelore;5;301,0;0,835;2024-07-01;ativo;2025-03-10;538,0;0,865;17,93;311,45;5584,3;252;924,29;239916,02;54;4442,89;0,94;237,0;5367,18;22,65;217,12;6,06;Média;1;Baixa Performance
434;BR0434;Cruzado Nelore;8;319,3;1,123;2024-07-01;ativo;2024-12-16;538,0;1,177;17,93;309,8;5554,71;168;1140,33;239916,02;54;4442,89;1,302;218,7;5583,22;25,53;-28,51;4,38;Alta;0;Alta Performance
435;BR0435;Brahman;9;292,5;0,774;2024-07-01;ativo;2025-04-07;537,1;0,885;17,9;324,6;5810,34;280;520,97;191044,25;43;4442,89;0,874;244,6;4963,86;20,29;846,48;6,52;Média;1;Baixa Performance
436;BR0436;Simental;2;328,0;1,189;2024-07-01;ativo;2024-11-18;528,0;1,111;17,6;344,2;6057,92;140;524,49;231030,27;52;4442,89;1,429;200,0;4967,38;24,84;1090,54;3,99;Alta;0;Alta Performance
437;BR0437;Nelore;6;304,8;1,054;2024-07-01;ativo;2025-01-13;536,2;0,994;17,87;325,6;5818,47;196;663,11;213258,69;48;4442,89;1,181;231,4;5106,0;22,07;712,47;4,83;Alta;2;Performance Média
438;BR0438;Angus;6;314,8;1,718;2024-07-01;ativo;2024-10-21;553,9;1,704;18,46;306,3;5654,3;112;597,87;213258,69;48;4442,89;2,135;239,1;5040,76;21,08;613,54;2,67;Alta;0;Alta Performance
439;BR0439;Brahman;9;285,1;1,034;2024-07-01;ativo;2025-02-10;547,7;1,125;18,26;324,65;5928,11;224;540,07;191044,25;43;4442,89;1,172;262,6;4982,96;18,98;945,15;4,86;Alta;2;Performance Média
440;BR0440;Cruzado Nelore;8;292,2;0,917;2024-07-01;ativo;2025-03-10;537,5;0,893;17,92;311,45;5581,18;252;541,17;239916,02;54;4442,89;0,973;245,3;4984,06;20,32;597,12;5,86;Média;1;Baixa Performance
441;BR0441;Nelore;10;275,8;0,88;2024-07-01;ativo;2025-03-10;520,2;0,784;17,34;311,45;5400,54;252;609,52;226587,36;51;4442,89;0,97;244,4;5052,41;20,67;348,13;5,88;Média;1;Baixa Performance
442;BR0442;Brahman;7;292,0;0,761;2024-07-01;ativo;2025-04-07;520,6;0,794;17,35;324,6;5631,81;280;661,84;253244,71;57;4442,89;0,816;228,6;5104,73;22,33;527,08;6,98;Baixa;1;Baixa Performance
443;BR0443;Brahman;9;250,3;1,277;2024-07-01;ativo;2025-01-13;528,5;1,227;17,62;325,6;5737,07;196;536,01;191044,25;43;4442,89;1,419;278,2;4978,9;17,9;758,17;4,02;Alta;2;Performance Média
444;BR0444;Brahman;3;241,0;0,707;2024-07-01;ativo;2025-07-28;527,4;0,822;17,58;292,65;5144,79;392;465,71;222144,47;50;4442,89;0,731;286,4;4908,6;17,14;236,19;7,8;Baixa;1;Baixa Performance
445;BR0445;Cruzado Nelore;10;299,6;0,513;2024-07-01;ativo;2025-08-25;527,6;0,431;17,59;310,55;5462,57;420;928,79;226587,36;51;4442,89;0,543;228,0;5371,68;23,56;90,89;10,5;Baixa;1;Baixa Performance
446;BR0446;Nelore;8;314,5;0,97;2024-07-01;ativo;2025-01-13;527,9;0,852;17,6;325,6;5730,56;196;593,79;239916,02;54;4442,89;1,089;213,4;5036,68;23,6;693,88;5,24;Média;2;Performance Média
447;BR0447;Nelore;6;287,9;0,875;2024-07-01;ativo;2025-03-10;523,1;0,775;17,44;311,45;5431,69;252;632,28;213258,69;48;4442,89;0,933;235,2;5075,17;21,58;356,52;6,11;Média;1;Baixa Performance
448;BR0448;Brahman;4;293,3;0,824;2024-07-01;ativo;2025-03-10;521,6;0,77;17,39;311,45;5416,12;252;554,2;199930,04;45;4442,89;0,906;228,3;4997,09;21,89;419,03;6,29;Média;1;Baixa Performance
449;BR0449;Angus;3;310,6;1,444;2024-07-01;ativo;2024-11-18;551,1;1,44;18,37;344,2;6322,95;140;572,25;222144,47;50;4442,89;1,718;240,5;5015,14;20,85;1307,81;3,32;Alta;0;Alta Performance
450;BR0450;Nelore;4;310,8;1,451;2024-07-01;ativo;2024-11-18;540,4;1,259;18,01;344,2;6199,04;140;1199,52;199930,04;45;4442,89;1,64;229,6;5642,41;24,57;556,63;3,48;Alta;0;Alta Performance
451;BR0451;Nelore;3;330,2;0,982;2024-07-01;ativo;2025-01-13;539,6;0,94;17,99;325,6;5857,54;196;558,85;222144,47;50;4442,89;1,068;209,4;5001,74;23,89;855,8;5,34;Média;2;Performance Média
452;BR0452;Nelore;3;279,9;1,312;2024-07-01;ativo;2024-12-16;533,7;1,366;17,79;309,8;5511,34;168;568,82;222144,47;50;4442,89;1,511;253,8;5011,71;19,75;499,63;3,77;Alta;2;Performance Média
453;BR0453;Nelore;6;302,3;0,92;2024-07-01;ativo;2025-02-10;544,1;1,007;18,14;324,65;5889,15;224;782,9;213258,69;48;4442,89;1,079;241,8;5225,79;21,61;663,36;5,28;Média;2;Performance Média
454;BR0454;Nelore;4;281,6;1,311;2024-07-01;ativo;2024-12-16;537,1;1,388;17,9;309,8;5545,42;168;955,31;199930,04;45;4442,89;1,521;255,5;5398,2;21,13;147,22;3,75;Alta;2;Performance Média
455;BR0455;Nelore;4;262,4;1,206;2024-07-01;ativo;2025-01-13;533,5;1,239;17,78;325,6;5789,17;196;547,39;199930,04;45;4442,89;1,383;271,1;4990,28;18,41;798,89;4,12;Alta;2;Performance Média
456;BR0456;Nelore;9;292,4;1,19;2024-07-01;ativo;2025-01-13;551,2;1,193;18,37;325,6;5981,27;196;589,33;191044,25;43;4442,89;1,32;258,8;5032,22;19,44;949,05;4,32;Alta;2;Performance Média
457;BR0457;Simental;4;299,5;1,615;2024-07-01;ativo;2024-10-21;527,0;1,692;17,57;306,3;5381,69;112;586,36;199930,04;45;4442,89;2,031;227,5;5029,25;22,11;352,44;2,81;Alta;0;Alta Performance
458;BR0458;Angus;7;320,9;1,08;2024-07-01;ativo;2024-12-16;531,1;1,177;17,7;309,8;5483,46;168;538,62;253244,71;57;4442,89;1,251;210,2;4981,51;23,7;501,95;4,56;Alta;2;Performance Média
459;BR0459;Brahman;10;244,9;1,027;2024-07-01;ativo;2025-03-10;534,1;0,977;17,8;311,45;5543,81;252;541,4300000000001;226587,36;51;4442,89;1,148;289,2;4984,32;17,23;559,49;4,97;Alta;1;Baixa Performance
460;BR0460;Nelore;1;269,4;1,204;2024-07-01;ativo;2025-01-13;534,0;1,184;17,8;325,6;5795,68;196;571,6700000000001;204372,94;46;4442,89;1,35;264,6;5014,56;18,95;781,12;4,22;Alta;2;Performance Média
461;BR0461;Simental;5;311,8;1,39;2024-07-01;ativo;2024-11-18;544,7;1,335;18,16;344,2;6250,67;140;549,4;239916,02;54;4442,89;1,664;232,9;4992,29;21,44;1258,38;3,43;Alta;0;Alta Performance
462;BR0462;Cruzado Nelore;10;305,3;1,049;2024-07-01;ativo;2025-01-13;536,6;1,051;17,89;325,6;5824,98;196;536,01;226587,36;51;4442,89;1,18;231,3;4978,9;21,53;846,08;4,83;Alta;2;Performance Média
463;BR0463;Simental;7;338,2;1,543;2024-07-01;ativo;2024-10-21;549,5;1,491;18,32;306,3;5611,42;112;504,94;253244,71;57;4442,89;1,887;211,3;4947,83;23,42;663,59;3,02;Alta;0;Alta Performance
464;BR0464;Simental;4;322,0;1,325;2024-07-01;ativo;2024-11-18;551,5;1,324;18,38;344,2;6326,4;140;569,17;199930,04;45;4442,89;1,639;229,5;5012,06;21,84;1314,34;3,48;Alta;0;Alta Performance
465;BR0465;Cruzado Nelore;9;302,1;0,941;2024-07-01;ativo;2025-02-10;536,8;0,9;17,89;324,65;5807,99;224;626,06;191044,25;43;4442,89;1,048;234,7;5068,95;21,6;739,04;5,44;Média;2;Performance Média
466;BR0466;Cruzado Nelore;8;302,1;1,173;2024-07-01;ativo;2024-12-16;537,3;1,078;17,91;309,8;5548,52;168;557,77;239916,02;54;4442,89;1,4;235,2;5000,66;21,26;547,86;4,07;Alta;2;Performance Média
467;BR0467;Nelore;3;260,5;0,872;2024-07-01;ativo;2025-04-07;524,4;0,904;17,48;324,6;5674,01;280;598,67;222144,47;50;4442,89;0,942;263,9;5041,56;19,1;632,45;6,05;Média;1;Baixa Performance
468;BR0468;Nelore;9;258,6;0,663;2024-07-01;ativo;2025-07-28;534,4;0,599;17,81;292,65;5212,1;392;542,8399999999999;191044,25;43;4442,89;0,704;275,8;4985,73;18,08;226,37;8,1;Baixa;1;Baixa Performance
469;BR0469;Cruzado Nelore;8;294,6;1,008;2024-07-01;ativo;2025-01-13;528,1;1,128;17,6;325,6;5730,56;196;830,27;239916,02;54;4442,89;1,191;233,5;5273,16;22,58;457,4;4,78;Alta;2;Performance Média
470;BR0470;Nelore;5;301,1;1,457;2024-07-01;ativo;2024-11-18;550,6;1,497;18,35;344,2;6316,07;140;534,33;239916,02;54;4442,89;1,782;249,5;4977,22;19,95;1338,85;3,2;Alta;0;Alta Performance
471;BR0471;Angus;2;274,7;1,065;2024-07-01;ativo;2025-02-10;545,9;1,195;18,2;324,65;5908,63;224;580,99;231030,27;52;4442,89;1,211;271,2;5023,88;18,52;884,75;4,71;Alta;2;Performance Média
472;BR0472;Cruzado Nelore;7;273,7;1,176;2024-07-01;ativo;2025-01-13;535,3;1,245;17,84;325,6;5808,7;196;578,5699999999999;253244,71;57;4442,89;1,335;261,6;5021,46;19,2;787,24;4,27;Alta;2;Performance Média
473;BR0473;Nelore;9;289,7;1,161;2024-07-01;ativo;2025-01-13;545,7;1,086;18,19;325,6;5922,66;196;530,62;191044,25;43;4442,89;1,306;256,0;4973,51;19,43;949,15;4,36;Alta;2;Performance Média
474;BR0474;Angus;1;293,2;1,36;2024-07-01;ativo;2024-11-18;522,6;1,356;17,42;344,2;5995,96;140;984,1;204372,94;46;4442,89;1,639;229,4;5426,99;23,66;568,97;3,48;Alta;0;Alta Performance
475;BR0475;Angus;9;311,6;1,313;2024-07-01;ativo;2024-11-18;538,4;1,341;17,95;344,2;6178,39;140;505,73;191044,25;43;4442,89;1,62;226,8;4948,62;21,82;1229,77;3,52;Alta;0;Alta Performance
476;BR0476;Nelore;6;263,5;1,017;2024-07-01;ativo;2025-02-10;523,2;1,064;17,44;324,65;5661,9;224;497,46;213258,69;48;4442,89;1,159;259,7;4940,35;19,02;721,55;4,92;Alta;2;Performance Média
477;BR0477;Brahman;2;249,7;0,964;2024-07-01;ativo;2025-03-10;524,3;0,866;17,48;311,45;5444,15;252;613,88;231030,27;52;4442,89;1,09;274,6;5056,77;18,42;387,38;5,23;Média;1;Baixa Performance
478;BR0478;Angus;1;338,8;1,288;2024-07-01;ativo;2024-11-18;551,5;1,158;18,38;344,2;6326,4;140;639,28;204372,94;46;4442,89;1,519;212,7;5082,17;23,89;1244,23;3,75;Alta;0;Alta Performance
479;BR0479;Angus;1;308,3;1,101;2024-07-01;ativo;2024-12-16;524,1;1,045;17,47;309,8;5412,21;168;548,67;204372,94;46;4442,89;1,285;215,8;4991,56;23,13;420,65;4,44;Alta;2;Performance Média
480;BR0480;Angus;9;318,1;1,091;2024-07-01;ativo;2024-12-16;532,0;1,149;17,73;309,8;5492,75;168;550,51;191044,25;43;4442,89;1,273;213,9;4993,4;23,34;499,35;4,48;Alta;2;Performance Média
481;BR0481;Brahman;7;222,7;0,728;2024-07-01;ativo;2025-07-28;526,4;0,733;17,55;292,65;5136,01;392;503,12;253244,71;57;4442,89;0,775;303,7;4946,01;16,29;190,0;7,36;Baixa;1;Baixa Performance
482;BR0482;Angus;10;310,4;1,119;2024-07-01;ativo;2024-12-16;520,1;1,233;17,34;309,8;5371,93;168;532,66;226587,36;51;4442,89;1,248;209,7;4975,55;23,73;396,38;4,57;Alta;2;Performance Média
483;BR0483;Simental;7;319,7;1,548;2024-07-01;ativo;2024-10-21;533,5;1,642;17,78;306,3;5446,01;112;584,48;253244,71;57;4442,89;1,909;213,8;5027,37;23,51;418,64;2,99;Alta;0;Alta Performance
484;BR0484;Cruzado Nelore;4;326,7;1,202;2024-07-01;ativo;2024-11-18;533,4;1,252;17,78;344,2;6119,88;140;526,77;199930,04;45;4442,89;1,476;206,7;4969,66;24,04;1150,22;3,86;Alta;0;Alta Performance
485;BR0485;Angus;6;316,5;1,205;2024-07-01;ativo;2024-12-16;546,8;1,249;18,23;309,8;5647,65;168;976,23;213258,69;48;4442,89;1,371;230,3;5419,12;23,53;228,53;4,16;Alta;2;Performance Média
486;BR0486;Nelore;1;311,7;1,126;2024-07-01;ativo;2024-12-16;537,4;0,982;17,91;309,8;5548,52;168;1471,81;204372,94;46;4442,89;1,343;225,7;5914,7;26,21;-366,18;4,24;Alta;0;Alta Performance
487;BR0487;Nelore;8;278,8;0,903;2024-07-01;ativo;2025-03-10;533,0;0,88;17,77;311,45;5534,47;252;572,5600000000001;239916,02;54;4442,89;1,009;254,2;5015,45;19,73;519,02;5,65;Média;1;Baixa Performance
488;BR0488;Nelore;7;305,3;0,957;2024-07-01;ativo;2025-02-10;535,2;0,765;17,84;324,65;5791,76;224;980,6;253244,71;57;4442,89;1,026;229,9;5423,49;23,59;368,27;5,55;Média;2;Performance Média
489;BR0489;Brahman;3;261,5;1,203;2024-07-01;ativo;2025-01-13;526,1;1,26;17,54;325,6;5711,02;196;565,68;222144,47;50;4442,89;1,35;264,6;5008,57;18,93;702,45;4,22;Alta;2;Performance Média
490;BR0490;Angus;8;299,5;1,158;2024-07-01;ativo;2024-12-16;538,7;1,405;17,96;309,8;5564,01;168;544,05;239916,02;54;4442,89;1,424;239,2;4986,94;20,85;577,07;4,0;Alta;2;Performance Média
491;BR0491;Nelore;5;287,3;1,324;2024-07-01;ativo;2024-12-16;547,5;1,322;18,25;309,8;5653,85;168;514,56;239916,02;54;4442,89;1,549;260,2;4957,45;19,05;696,4;3,68;Alta;2;Performance Média
492;BR0492;Nelore;8;257,2;1,157;2024-07-01;ativo;2025-02-10;533,5;1,005;17,78;324,65;5772,28;224;1069,09;239916,02;54;4442,89;1,233;276,3;5511,98;19,95;260,3;4,62;Alta;2;Performance Média
493;BR0493;Angus;2;350,4;0,921;2024-07-01;ativo;2024-12-16;535,5;1,148;17,85;309,8;5529,93;168;855,31;231030,27;52;4442,89;1,102;185,1;5298,2;28,62;231,73;5,17;Alta;0;Alta Performance
494;BR0494;Nelore;8;273,3;0,969;2024-07-01;ativo;2025-03-10;534,4;0,991;17,81;311,45;5546,92;252;582,33;239916,02;54;4442,89;1,036;261,1;5025,22;19,25;521,7;5,5;Média;1;Baixa Performance
495;BR0495;Cruzado Nelore;4;275,9;1,23;2024-07-01;ativo;2024-12-16;525,6;1,455;17,52;309,8;5427,7;168;511,74;199930,04;45;4442,89;1,486;249,7;4954,63;19,84;473,07;3,84;Alta;2;Performance Média
496;BR0496;Cruzado Nelore;7;301,8;1,047;2024-07-01;ativo;2025-01-13;530,6;1,047;17,69;325,6;5759,86;196;605,52;253244,71;57;4442,89;1,167;228,8;5048,41;22,06;711,45;4,88;Alta;2;Performance Média
497;BR0497;Simental;5;325,3;1,292;2024-07-01;ativo;2024-11-18;545,3;1,445;18,18;344,2;6257,56;140;590,66;239916,02;54;4442,89;1,571;220,0;5033,55;22,88;1224,01;3,63;Alta;0;Alta Performance
498;BR0498;Cruzado Nelore;3;302,8;1,003;2024-07-01;ativo;2025-02-10;547,6;1,057;18,25;324,65;5924,86;224;514,84;222144,47;50;4442,89;1,093;244,8;4957,73;20,25;967,13;5,22;Média;2;Performance Média
499;BR0499;Angus;5;321,6;1,309;2024-07-01;ativo;2024-11-18;537,0;1,243;17,9;344,2;6161,18;140;1733,79;239916,02;54;4442,89;1,539;215,4;6176,68;28,68;-15,5;3,7;Alta;0;Alta Performance
500;BR0500;Simental;6;294,8;1,128;2024-07-01;ativo;2025-01-13;548,4;1,106;18,28;325,6;5951,97;196;544,4300000000001;213258,69;48;4442,89;1,294;253,6;4987,32;19,67;964,65;4,41;Alta;2;Performance Média
